2010-01-05 17:00:00,5665.00,993866.90,994184.00 
2010-01-05 18:00:00,5665.00,990182.50,994184.00 
2010-01-06 11:00:00,5665.00,992221.00,994184.00 
2010-01-06 12:00:00,5665.00,994818.20,992372.00 
2010-01-06 13:00:00,5665.00,992945.80,992372.00 
2010-01-06 14:00:00,5665.00,993474.30,992372.00 
2010-01-06 15:00:00,5665.00,993157.20,992372.00 
2010-01-06 16:00:00,5665.00,992900.50,992372.00 
2010-01-06 17:00:00,5665.00,992492.80,992372.00 
2010-01-06 18:00:00,5665.00,991722.70,992372.00 
2010-01-07 11:00:00,5665.00,990635.50,992372.00 
2010-01-07 12:00:00,989596.10,0.00,0.00 
2010-01-07 13:00:00,989596.10,0.00,0.00 
2010-01-07 14:00:00,989596.10,0.00,0.00 
2010-01-07 15:00:00,989596.10,0.00,0.00 
2010-01-07 16:00:00,989596.10,0.00,0.00 
2010-01-07 17:00:00,989596.10,0.00,0.00 
2010-01-07 18:00:00,989596.10,0.00,0.00 
2010-01-08 11:00:00,989596.10,0.00,0.00 
2010-01-08 12:00:00,989596.10,0.00,0.00 
2010-01-08 13:00:00,989596.10,0.00,0.00 
2010-01-08 14:00:00,989596.10,0.00,0.00 
2010-01-08 15:00:00,989596.10,0.00,0.00 
2010-01-08 16:00:00,989596.10,0.00,0.00 
2010-01-08 17:00:00,989596.10,0.00,0.00 
2010-01-08 18:00:00,989596.10,0.00,0.00 
2010-01-11 11:00:00,989596.10,0.00,0.00 
2010-01-11 12:00:00,989596.10,0.00,0.00 
2010-01-11 13:00:00,4404.50,984880.80,985043.60 
2010-01-11 14:00:00,4404.50,983830.00,985043.60 
2010-01-11 15:00:00,4404.50,981240.00,985043.60 
2010-01-11 16:00:00,4404.50,981373.20,985043.60 
2010-01-11 17:00:00,4404.50,981077.20,985043.60 
2010-01-11 18:00:00,4404.50,978605.60,985043.60 
2010-01-12 11:00:00,4404.50,976903.60,985043.60 
2010-01-12 12:00:00,979443.30,0.00,0.00 
2010-01-12 13:00:00,979443.30,0.00,0.00 
2010-01-12 14:00:00,979443.30,0.00,0.00 
2010-01-12 15:00:00,979443.30,0.00,0.00 
2010-01-12 16:00:00,979443.30,0.00,0.00 
2010-01-12 17:00:00,979443.30,0.00,0.00 
2010-01-12 18:00:00,979443.30,0.00,0.00 
2010-01-13 11:00:00,979443.30,0.00,0.00 
2010-01-13 12:00:00,979443.30,0.00,0.00 
2010-01-13 13:00:00,979443.30,0.00,0.00 
2010-01-13 14:00:00,979443.30,0.00,0.00 
2010-01-13 15:00:00,979443.30,0.00,0.00 
2010-01-13 16:00:00,979443.30,0.00,0.00 
2010-01-13 17:00:00,979443.30,0.00,0.00 
2010-01-13 18:00:00,979443.30,0.00,0.00 
2010-01-14 11:00:00,979443.30,0.00,0.00 
2010-01-14 12:00:00,979443.30,0.00,0.00 
2010-01-14 13:00:00,979443.30,0.00,0.00 
2010-01-14 14:00:00,979443.30,0.00,0.00 
2010-01-14 15:00:00,979443.30,0.00,0.00 
2010-01-14 16:00:00,979443.30,0.00,0.00 
2010-01-14 17:00:00,979443.30,0.00,0.00 
2010-01-14 18:00:00,979443.30,0.00,0.00 
2010-01-15 11:01:00,979443.30,0.00,0.00 
2010-01-15 12:00:00,3554.40,978020.40,975741.90 
2010-01-15 13:00:00,3554.40,976962.00,975741.90 
2010-01-15 14:00:00,3554.40,976197.60,975741.90 
2010-01-15 15:00:00,3554.40,973698.60,975741.90 
2010-01-15 16:00:00,3554.40,970861.50,975741.90 
2010-01-15 17:00:00,3554.40,972375.60,975741.90 
2010-01-15 18:00:00,3554.40,969964.80,975741.90 
2010-01-18 11:00:00,969344.40,0.00,0.00 
2010-01-18 12:00:00,969344.40,0.00,0.00 
2010-01-18 13:00:00,969344.40,0.00,0.00 
2010-01-18 14:00:00,969344.40,0.00,0.00 
2010-01-18 15:00:00,969344.40,0.00,0.00 
2010-01-18 16:00:00,969344.40,0.00,0.00 
2010-01-18 17:00:00,969344.40,0.00,0.00 
2010-01-18 18:00:00,969344.40,0.00,0.00 
2010-01-19 11:00:00,969344.40,0.00,0.00 
2010-01-19 12:00:00,969344.40,0.00,0.00 
2010-01-19 13:00:00,969344.40,0.00,0.00 
2010-01-19 14:00:00,969344.40,0.00,0.00 
2010-01-19 15:00:00,969344.40,0.00,0.00 
2010-01-19 16:00:00,969344.40,0.00,0.00 
2010-01-19 17:00:00,969344.40,0.00,0.00 
2010-01-19 18:00:00,969344.40,0.00,0.00 
2010-01-20 11:01:00,969344.40,0.00,0.00 
2010-01-20 12:00:00,969344.40,0.00,0.00 
2010-01-20 13:00:00,969344.40,0.00,0.00 
2010-01-20 14:00:00,969344.40,0.00,0.00 
2010-01-20 15:00:00,969344.40,0.00,0.00 
2010-01-20 16:00:00,969344.40,0.00,0.00 
2010-01-20 17:00:00,969344.40,0.00,0.00 
2010-01-20 18:00:00,969344.40,0.00,0.00 
2010-01-21 11:00:00,969344.40,0.00,0.00 
2010-01-21 12:00:00,969344.40,0.00,0.00 
2010-01-21 13:00:00,2415.60,966359.40,966782.80 
2010-01-21 14:00:00,2415.60,963147.40,966782.80 
2010-01-21 15:00:00,2415.60,966680.60,966782.80 
2010-01-21 16:00:00,2415.60,967629.60,966782.80 
2010-01-21 17:00:00,2415.60,967118.60,966782.80 
2010-01-21 18:00:00,2415.60,970491.20,966782.80 
2010-01-22 11:00:00,2415.60,960840.60,966782.80 
2010-01-22 12:00:00,959314.20,0.00,0.00 
2010-01-22 13:00:00,959314.20,0.00,0.00 
2010-01-22 14:00:00,959314.20,0.00,0.00 
2010-01-22 15:00:00,959314.20,0.00,0.00 
2010-01-22 16:00:00,959314.20,0.00,0.00 
2010-01-22 17:00:00,959314.20,0.00,0.00 
2010-01-22 18:00:00,959314.20,0.00,0.00 
2010-01-25 11:00:00,959314.20,0.00,0.00 
2010-01-25 12:00:00,959314.20,0.00,0.00 
2010-01-25 13:00:00,959314.20,0.00,0.00 
2010-01-25 14:00:00,959314.20,0.00,0.00 
2010-01-25 15:00:00,959314.20,0.00,0.00 
2010-01-25 16:00:00,959314.20,0.00,0.00 
2010-01-25 17:00:00,959314.20,0.00,0.00 
2010-01-25 18:00:00,959314.20,0.00,0.00 
2010-01-26 11:00:00,959314.20,0.00,0.00 
2010-01-26 12:00:00,959314.20,0.00,0.00 
2010-01-26 13:00:00,959314.20,0.00,0.00 
2010-01-26 14:00:00,959314.20,0.00,0.00 
2010-01-26 15:00:00,959314.20,0.00,0.00 
2010-01-26 16:00:00,959314.20,0.00,0.00 
2010-01-26 17:00:00,959314.20,0.00,0.00 
2010-01-26 18:00:00,959314.20,0.00,0.00 
2010-01-27 11:00:00,959314.20,0.00,0.00 
2010-01-27 12:00:00,959314.20,0.00,0.00 
2010-01-27 13:00:00,959314.20,0.00,0.00 
2010-01-27 14:00:00,959314.20,0.00,0.00 
2010-01-27 15:00:00,959314.20,0.00,0.00 
2010-01-27 16:00:00,959314.20,0.00,0.00 
2010-01-27 17:00:00,959314.20,0.00,0.00 
2010-01-27 18:00:00,959314.20,0.00,0.00 
2010-01-28 11:01:00,959314.20,0.00,0.00 
2010-01-28 12:00:00,959314.20,0.00,0.00 
2010-01-28 13:00:00,959314.20,0.00,0.00 
2010-01-28 14:00:00,3240.90,954779.70,955926.30 
2010-01-28 15:00:00,3240.90,952016.10,955926.30 
2010-01-28 16:00:00,3240.90,956279.10,955926.30 
2010-01-28 17:00:00,3240.90,955353.00,955926.30 
2010-01-28 18:00:00,3240.90,954676.80,955926.30 
2010-01-29 11:01:00,3240.90,947106.30,955926.30 
2010-01-29 12:00:00,3240.90,949473.00,947253.30 
2010-01-29 13:00:00,949421.10,0.00,0.00 
2010-01-29 14:00:00,949421.10,0.00,0.00 
2010-01-29 15:00:00,949421.10,0.00,0.00 
2010-01-29 16:00:00,949421.10,0.00,0.00 
2010-01-29 17:00:00,949421.10,0.00,0.00 
2010-01-29 18:00:00,949421.10,0.00,0.00 
2010-02-01 11:00:00,949421.10,0.00,0.00 
2010-02-01 12:00:00,949421.10,0.00,0.00 
2010-02-01 13:00:00,949421.10,0.00,0.00 
2010-02-01 14:00:00,949421.10,0.00,0.00 
2010-02-01 15:00:00,949421.10,0.00,0.00 
2010-02-01 16:00:00,949421.10,0.00,0.00 
2010-02-01 17:00:00,949421.10,0.00,0.00 
2010-02-01 18:00:00,949421.10,0.00,0.00 
2010-02-02 11:00:00,949421.10,0.00,0.00 
2010-02-02 12:00:00,949421.10,0.00,0.00 
2010-02-02 13:00:00,949421.10,0.00,0.00 
2010-02-02 14:00:00,949421.10,0.00,0.00 
2010-02-02 15:00:00,949421.10,0.00,0.00 
2010-02-02 16:00:00,949421.10,0.00,0.00 
2010-02-02 17:00:00,1077.60,946574.50,948198.50 
2010-02-02 18:00:00,1077.60,946328.00,948198.50 
2010-02-03 11:01:00,1077.60,949126.50,948198.50 
2010-02-03 12:00:00,1077.60,947763.50,949271.50 
2010-02-03 13:00:00,1077.60,950359.00,949271.50 
2010-02-03 14:00:00,1077.60,949880.50,949271.50 
2010-02-03 15:00:00,1077.60,950475.00,949271.50 
2010-02-03 16:00:00,1077.60,947865.00,949271.50 
2010-02-03 17:00:00,1077.60,946734.00,949271.50 
2010-02-03 18:00:00,1077.60,949822.50,949271.50 
2010-02-04 11:00:00,1077.60,950446.00,949271.50 
2010-02-04 12:00:00,1077.60,947154.50,950591.00 
2010-02-04 13:00:00,1077.60,945936.50,950591.00 
2010-02-04 14:00:00,1077.60,942703.00,950591.00 
2010-02-04 15:00:00,1077.60,943660.00,950591.00 
2010-02-04 16:00:00,1077.60,943587.50,950591.00 
2010-02-04 17:00:00,1077.60,940064.00,950591.00 
2010-02-04 18:00:00,939372.60,0.00,0.00 
2010-02-05 11:01:00,939372.60,0.00,0.00 
2010-02-05 12:00:00,939372.60,0.00,0.00 
2010-02-05 13:00:00,939372.60,0.00,0.00 
2010-02-05 14:00:00,939372.60,0.00,0.00 
2010-02-05 15:00:00,939372.60,0.00,0.00 
2010-02-05 16:00:00,939372.60,0.00,0.00 
2010-02-05 17:00:00,939372.60,0.00,0.00 
2010-02-05 18:00:00,939372.60,0.00,0.00 
2010-02-08 11:01:00,939372.60,0.00,0.00 
2010-02-08 12:00:00,939372.60,0.00,0.00 
2010-02-08 13:00:00,939372.60,0.00,0.00 
2010-02-08 14:00:00,939372.60,0.00,0.00 
2010-02-08 15:00:00,939372.60,0.00,0.00 
2010-02-08 16:00:00,939372.60,0.00,0.00 
2010-02-08 17:00:00,939372.60,0.00,0.00 
2010-02-08 18:00:00,939372.60,0.00,0.00 
2010-02-09 11:00:00,939372.60,0.00,0.00 
2010-02-09 12:00:00,939372.60,0.00,0.00 
2010-02-09 13:00:00,939372.60,0.00,0.00 
2010-02-09 14:00:00,939372.60,0.00,0.00 
2010-02-09 15:00:00,939372.60,0.00,0.00 
2010-02-09 16:00:00,939372.60,0.00,0.00 
2010-02-09 17:00:00,939372.60,0.00,0.00 
2010-02-09 18:00:00,939372.60,0.00,0.00 
2010-02-10 11:01:00,939372.60,0.00,0.00 
2010-02-10 12:00:00,939372.60,0.00,0.00 
2010-02-10 13:00:00,939372.60,0.00,0.00 
2010-02-10 14:00:00,939372.60,0.00,0.00 
2010-02-10 15:00:00,939372.60,0.00,0.00 
2010-02-10 16:00:00,2820.90,933641.10,936404.70 
2010-02-10 17:00:00,2820.90,934170.30,936404.70 
2010-02-10 18:00:00,2820.90,933626.40,936404.70 
2010-02-11 11:00:00,2820.90,930113.10,936404.70 
2010-02-11 12:00:00,2820.90,941887.80,930260.10 
2010-02-11 13:00:00,2820.90,943137.30,930260.10 
2010-02-11 14:00:00,2820.90,942211.20,930260.10 
2010-02-11 15:00:00,2820.90,942152.40,930260.10 
2010-02-11 16:00:00,2820.90,942064.20,930260.10 
2010-02-11 17:00:00,2820.90,941049.90,930260.10 
2010-02-11 18:00:00,2820.90,935552.10,930260.10 
2010-02-12 11:00:00,2820.90,937389.60,930260.10 
2010-02-12 12:00:00,2820.90,948355.80,937536.60 
2010-02-12 13:00:00,2820.90,944901.30,937536.60 
2010-02-12 14:00:00,2820.90,943828.20,937536.60 
2010-02-12 15:00:00,2820.90,945753.90,937536.60 
2010-02-12 16:00:00,2820.90,944283.90,937536.60 
2010-02-12 17:00:00,2820.90,946988.70,937536.60 
2010-02-12 18:00:00,2820.90,940711.80,937536.60 
2010-02-15 11:01:00,2820.90,941343.90,937536.60 
2010-02-15 12:00:00,2820.90,945886.20,941490.90 
2010-02-15 13:00:00,2820.90,947018.10,941490.90 
2010-02-15 14:00:00,2820.90,948032.40,941490.90 
2010-02-15 15:00:00,2820.90,946871.10,941490.90 
2010-02-15 16:00:00,2820.90,947929.50,941490.90 
2010-02-15 17:00:00,2820.90,946547.70,941490.90 
2010-02-15 18:00:00,2820.90,947606.10,941490.90 
2010-02-16 11:00:00,2820.90,945945.00,941490.90 
2010-02-16 12:00:00,2820.90,953177.40,946092.00 
2010-02-16 13:00:00,2820.90,953442.00,946092.00 
2010-02-16 14:00:00,2820.90,951031.20,946092.00 
2010-02-16 15:00:00,2820.90,950061.00,946092.00 
2010-02-16 16:00:00,2820.90,948017.70,946092.00 
2010-02-16 17:00:00,2820.90,949355.40,946092.00 
2010-02-16 18:00:00,2820.90,950134.50,946092.00 
2010-02-17 11:00:00,2820.90,953500.80,946092.00 
2010-02-17 12:00:00,2820.90,963629.10,953647.80 
2010-02-17 13:00:00,2820.90,963673.20,953647.80 
2010-02-17 14:00:00,2820.90,962497.20,953647.80 
2010-02-17 15:00:00,2820.90,962644.20,953647.80 
2010-02-17 16:00:00,2820.90,964143.60,953647.80 
2010-02-17 17:00:00,2820.90,965025.60,953647.80 
2010-02-17 18:00:00,2820.90,964084.80,953647.80 
2010-02-18 11:00:00,2820.90,964819.80,953647.80 
2010-02-18 12:00:00,2820.90,968715.30,964966.80 
2010-02-18 13:00:00,2820.90,972213.90,964966.80 
2010-02-18 14:00:00,2820.90,972052.20,964966.80 
2010-02-18 15:00:00,2820.90,973301.70,964966.80 
2010-02-18 16:00:00,2820.90,973639.80,964966.80 
2010-02-18 17:00:00,2820.90,970655.70,964966.80 
2010-02-18 18:00:00,2820.90,972463.80,964966.80 
2010-02-19 11:01:00,2820.90,973404.60,964966.80 
2010-02-19 12:00:00,2820.90,982180.50,973551.60 
2010-02-19 13:00:00,2820.90,985370.40,973551.60 
2010-02-19 14:00:00,2820.90,981519.00,973551.60 
2010-02-19 15:00:00,2820.90,982871.40,973551.60 
2010-02-19 16:00:00,2820.90,984356.10,973551.60 
2010-02-19 17:00:00,2820.90,984679.50,973551.60 
2010-02-19 18:00:00,2820.90,980357.70,973551.60 
2010-02-22 11:00:00,2820.90,986899.20,973551.60 
2010-02-22 12:00:00,2820.90,983121.30,987046.20 
2010-02-22 13:00:00,2820.90,984958.80,987046.20 
2010-02-22 14:00:00,2820.90,986590.50,987046.20 
2010-02-22 15:00:00,2820.90,986575.80,987046.20 
2010-02-22 16:00:00,2820.90,988428.00,987046.20 
2010-02-22 17:00:00,2820.90,987075.60,987046.20 
2010-02-22 18:00:00,2820.90,986061.30,987046.20 
2010-02-23 11:00:00,2820.90,983018.40,987046.20 
2010-02-23 12:00:00,2820.90,984944.10,983165.40 
2010-02-23 13:00:00,2820.90,985326.30,983165.40 
2010-02-23 14:00:00,2820.90,980901.60,983165.40 
2010-02-23 15:00:00,2820.90,979960.80,983165.40 
2010-02-23 16:00:00,2820.90,981945.30,983165.40 
2010-02-23 17:00:00,2820.90,982151.10,983165.40 
2010-02-23 18:00:00,2820.90,982606.80,983165.40 
2010-02-24 11:00:00,2820.90,976844.40,983165.40 
2010-02-24 12:00:00,2820.90,979005.30,976991.40 
2010-02-24 13:00:00,2820.90,978270.30,976991.40 
2010-02-24 14:00:00,2820.90,978005.70,976991.40 
2010-02-24 15:00:00,2820.90,979666.80,976991.40 
2010-02-24 16:00:00,2820.90,980445.90,976991.40 
2010-02-24 17:00:00,2820.90,980254.80,976991.40 
2010-02-24 18:00:00,2820.90,981136.80,976991.40 
2010-02-25 11:00:00,2820.90,982577.40,976991.40 
2010-02-25 12:00:00,2820.90,983121.30,982724.40 
2010-02-25 13:00:00,2820.90,984047.40,982724.40 
2010-02-25 14:00:00,2820.90,983062.50,982724.40 
2010-02-25 15:00:00,2820.90,982356.90,982724.40 
2010-02-25 16:00:00,2820.90,981430.80,982724.40 
2010-02-25 17:00:00,2820.90,976932.60,982724.40 
2010-02-25 18:00:00,2820.90,973933.80,982724.40 
2010-02-26 11:00:00,2820.90,973242.90,982724.40 
2010-02-26 12:00:00,2820.90,981871.80,973389.90 
2010-02-26 13:00:00,2820.90,983327.10,973389.90 
2010-02-26 14:00:00,2820.90,984635.40,973389.90 
2010-02-26 15:00:00,2820.90,982445.10,973389.90 
2010-02-26 16:00:00,2820.90,981327.90,973389.90 
2010-02-26 17:00:00,2820.90,982974.30,973389.90 
2010-02-26 18:00:00,2820.90,982033.50,973389.90 
2010-03-01 11:00:00,2820.90,984076.80,973389.90 
2010-03-01 12:00:00,2820.90,994866.60,984223.80 
2010-03-01 13:00:00,2820.90,993161.40,984223.80 
2010-03-01 14:00:00,2820.90,993602.40,984223.80 
2010-03-01 15:00:00,2820.90,992338.20,984223.80 
2010-03-01 16:00:00,2820.90,992514.60,984223.80 
2010-03-01 17:00:00,2820.90,994234.50,984223.80 
2010-03-01 18:00:00,2820.90,994543.20,984223.80 
2010-03-02 11:01:00,2820.90,996116.10,984223.80 
2010-03-02 12:00:00,2820.90,993764.10,996263.10 
2010-03-02 13:00:00,2820.90,995586.90,996263.10 
2010-03-02 14:00:00,2820.90,997101.00,996263.10 
2010-03-02 15:00:00,2820.90,1000232.10,996263.10 
2010-03-02 16:00:00,2820.90,1002201.90,996263.10 
2010-03-02 17:00:00,2820.90,1003025.10,996263.10 
2010-03-02 18:00:00,2820.90,1002304.80,996263.10 
2010-03-03 11:00:00,2820.90,1002907.50,996263.10 
2010-03-03 12:00:00,2820.90,999541.20,1003054.50 
2010-03-03 13:00:00,2820.90,999658.80,1003054.50 
2010-03-03 14:00:00,2820.90,1000776.00,1003054.50 
2010-03-03 15:00:00,2820.90,1000364.40,1003054.50 
2010-03-03 16:00:00,2820.90,1000393.80,1003054.50 
2010-03-03 17:00:00,2820.90,1001261.10,1003054.50 
2010-03-03 18:00:00,2820.90,999938.10,1003054.50 
2010-03-04 11:02:00,2820.90,1000526.10,1003054.50 
2010-03-04 12:00:00,2820.90,996248.40,1000673.10 
2010-03-04 13:00:00,2820.90,996321.90,1000673.10 
2010-03-04 14:00:00,2820.90,997644.90,1000673.10 
2010-03-04 15:00:00,2820.90,997542.00,1000673.10 
2010-03-04 16:00:00,2820.90,998629.80,1000673.10 
2010-03-04 17:00:00,2820.90,1000320.30,1000673.10 
2010-03-04 18:00:00,2820.90,1000584.90,1000673.10 
2010-03-05 11:00:00,2820.90,1000232.10,1000673.10 
2010-03-05 12:00:00,2820.90,998747.40,1000379.10 
2010-03-05 13:00:00,2820.90,998365.20,1000379.10 
2010-03-05 14:00:00,2820.90,1002099.00,1000379.10 
2010-03-05 15:00:00,2820.90,1001658.00,1000379.10 
2010-03-05 16:00:00,2820.90,1000232.10,1000379.10 
2010-03-05 17:00:00,2820.90,1002510.60,1000379.10 
2010-03-05 18:00:00,2820.90,1004406.90,1000379.10 
2010-03-08 11:01:00,2820.90,1007214.60,1000379.10 
2010-03-08 12:00:00,2820.90,1004950.80,1007361.60 
2010-03-08 13:00:00,2820.90,1004877.30,1007361.60 
2010-03-08 14:00:00,2820.90,1004745.00,1007361.60 
2010-03-08 15:00:00,2820.90,1003333.80,1007361.60 
2010-03-08 16:00:00,2820.90,1004656.80,1007361.60 
2010-03-08 17:00:00,2820.90,1004215.80,1007361.60 
2010-03-08 18:00:00,2820.90,1004289.30,1007361.60 
2010-03-09 11:00:00,2820.90,1007391.00,1007361.60 
2010-03-09 12:00:00,2820.90,1004274.60,1007538.00 
2010-03-09 13:00:00,2820.90,1006068.00,1007538.00 
2010-03-09 14:00:00,2820.90,1006038.60,1007538.00 
2010-03-09 15:00:00,2820.90,1005318.30,1007538.00 
2010-03-09 16:00:00,2820.90,1005597.60,1007538.00 
2010-03-09 17:00:00,2820.90,1005950.40,1007538.00 
2010-03-09 18:00:00,2820.90,1008581.70,1007538.00 
2010-03-10 11:00:00,2820.90,1009537.20,1007538.00 
2010-03-10 12:00:00,2820.90,1007552.70,1009684.20 
2010-03-10 13:00:00,2820.90,1008214.20,1009684.20 
2010-03-10 14:00:00,2820.90,1008434.70,1009684.20 
2010-03-10 15:00:00,2820.90,1007258.70,1009684.20 
2010-03-10 16:00:00,2820.90,1006773.60,1009684.20 
2010-03-10 17:00:00,2820.90,1007934.90,1009684.20 
2010-03-10 18:00:00,2820.90,1008669.90,1009684.20 
2010-03-11 11:00:00,2820.90,1011257.10,1009684.20 
2010-03-11 12:00:00,2820.90,1009757.70,1011404.10 
2010-03-11 13:00:00,2820.90,1009801.80,1011404.10 
2010-03-11 14:00:00,2820.90,1008978.60,1011404.10 
2010-03-11 15:00:00,2820.90,1006523.70,1011404.10 
2010-03-11 16:00:00,2820.90,1007670.30,1011404.10 
2010-03-11 17:00:00,2820.90,1005465.30,1011404.10 
2010-03-11 18:00:00,2820.90,1004215.80,1011404.10 
2010-03-12 11:00:00,2820.90,1006038.60,1011404.10 
2010-03-12 12:00:00,2820.90,1006861.80,1006185.60 
2010-03-12 13:00:00,2820.90,1008581.70,1006185.60 
2010-03-12 14:00:00,2820.90,1008170.10,1006185.60 
2010-03-12 15:00:00,2820.90,1007743.80,1006185.60 
2010-03-12 16:00:00,2820.90,1008890.40,1006185.60 
2010-03-12 17:00:00,2820.90,1009110.90,1006185.60 
2010-03-12 18:00:00,2820.90,1006406.10,1006185.60 
2010-03-15 11:00:00,2820.90,1004362.80,1006185.60 
2010-03-15 12:00:00,2820.90,1005156.60,1004509.80 
2010-03-15 13:00:00,2820.90,1003245.60,1004509.80 
2010-03-15 14:00:00,2820.90,1003716.00,1004509.80 
2010-03-15 15:00:00,2820.90,1006244.40,1004509.80 
2010-03-15 16:00:00,2820.90,1005935.70,1004509.80 
2010-03-15 17:00:00,2820.90,1005553.50,1004509.80 
2010-03-15 18:00:00,2820.90,1006038.60,1004509.80 
2010-03-16 11:00:00,2820.90,1003554.30,1004509.80 
2010-03-16 12:00:00,2820.90,1009787.10,1003701.30 
2010-03-16 13:00:00,2820.90,1010331.00,1003701.30 
2010-03-16 14:00:00,2820.90,1009934.10,1003701.30 
2010-03-16 15:00:00,2820.90,1009287.30,1003701.30 
2010-03-16 16:00:00,2820.90,1009698.90,1003701.30 
2010-03-16 17:00:00,2820.90,1008581.70,1003701.30 
2010-03-16 18:00:00,2820.90,1010198.70,1003701.30 
2010-03-17 11:00:00,2820.90,1010904.30,1003701.30 
2010-03-17 12:00:00,2820.90,1013359.20,1011051.30 
2010-03-17 13:00:00,2820.90,1013976.60,1011051.30 
2010-03-17 14:00:00,2820.90,1014476.40,1011051.30 
2010-03-17 15:00:00,2820.90,1014255.90,1011051.30 
2010-03-17 16:00:00,2820.90,1014270.60,1011051.30 
2010-03-17 17:00:00,2820.90,1015137.90,1011051.30 
2010-03-17 18:00:00,2820.90,1014726.30,1011051.30 
2010-03-18 11:00:00,2820.90,1013800.20,1011051.30 
2010-03-18 12:00:00,2820.90,1012506.60,1013947.20 
2010-03-18 13:00:00,2820.90,1012418.40,1013947.20 
2010-03-18 14:00:00,2820.90,1012624.20,1013947.20 
2010-03-18 15:00:00,2820.90,1012506.60,1013947.20 
2010-03-18 16:00:00,2820.90,1013315.10,1013947.20 
2010-03-18 17:00:00,2820.90,1013403.30,1013947.20 
2010-03-18 18:00:00,2820.90,1012668.30,1013947.20 
2010-03-19 11:01:00,2820.90,1011668.70,1013947.20 
2010-03-19 12:00:00,2820.90,1018342.50,1011815.70 
2010-03-19 13:00:00,2820.90,1016622.60,1011815.70 
2010-03-19 14:00:00,2820.90,1015828.80,1011815.70 
2010-03-19 15:00:00,2820.90,1016549.10,1011815.70 
2010-03-19 16:00:00,2820.90,1017048.90,1011815.70 
2010-03-19 17:00:00,2820.90,1017195.90,1011815.70 
2010-03-19 18:00:00,2820.90,1013491.50,1011815.70 
2010-03-22 11:00:00,2820.90,1012065.60,1011815.70 
2010-03-22 12:00:00,2820.90,1006626.60,1012212.60 
2010-03-22 13:00:00,2820.90,1001599.20,1012212.60 
2010-03-22 14:00:00,2820.90,1002407.70,1012212.60 
2010-03-22 15:00:00,2820.90,1000967.10,1012212.60 
2010-03-22 16:00:00,2820.90,1000246.80,1012212.60 
2010-03-22 17:00:00,2820.90,1003848.30,1012212.60 
2010-03-22 18:00:00,2820.90,1007435.10,1012212.60 
2010-03-23 11:00:00,2820.90,1008214.20,1012212.60 
2010-03-23 12:00:00,2820.90,1015446.60,1008361.20 
2010-03-23 13:00:00,2820.90,1015814.10,1008361.20 
2010-03-23 14:00:00,2820.90,1012815.30,1008361.20 
2010-03-23 15:00:00,2820.90,1010874.90,1008361.20 
2010-03-23 16:00:00,2820.90,1010654.40,1008361.20 
2010-03-23 17:00:00,2820.90,1009698.90,1008361.20 
2010-03-23 18:00:00,2820.90,1010110.50,1008361.20 
2010-03-24 11:00:00,2820.90,1011830.40,1008361.20 
2010-03-24 12:00:00,2820.90,1012638.90,1011977.40 
2010-03-24 13:00:00,2820.90,1011595.20,1011977.40 
2010-03-24 14:00:00,2820.90,1007538.00,1011977.40 
2010-03-24 15:00:00,2820.90,1009493.10,1011977.40 
2010-03-24 16:00:00,2820.90,1009919.40,1011977.40 
2010-03-24 17:00:00,2820.90,1009081.50,1011977.40 
2010-03-24 18:00:00,2820.90,1010198.70,1011977.40 
2010-03-25 11:00:00,2820.90,1010713.20,1011977.40 
2010-03-25 12:00:00,2820.90,1010786.70,1010860.20 
2010-03-25 13:00:00,2820.90,1012594.80,1010860.20 
2010-03-25 14:00:00,2820.90,1011815.70,1010860.20 
2010-03-25 15:00:00,2820.90,1012638.90,1010860.20 
2010-03-25 16:00:00,2820.90,1012227.30,1010860.20 
2010-03-25 17:00:00,2820.90,1012433.10,1010860.20 
2010-03-25 18:00:00,2820.90,1011095.40,1010860.20 
2010-03-26 11:00:00,2820.90,1013594.40,1010860.20 
2010-03-26 12:00:00,2820.90,1008905.10,1013741.40 
2010-03-26 13:00:00,2820.90,1010448.60,1013741.40 
2010-03-26 14:00:00,2820.90,1007199.90,1013741.40 
2010-03-26 15:00:00,2820.90,1008375.90,1013741.40 
2010-03-26 16:00:00,2820.90,1007317.50,1013741.40 
2010-03-26 17:00:00,2820.90,1004847.90,1013741.40 
2010-03-26 18:00:00,2820.90,1003377.90,1013741.40 
2010-03-29 10:00:00,2820.90,1005303.60,1013741.40 
2010-03-29 11:00:00,2820.90,1007052.90,1005450.60 
2010-03-29 12:00:00,2820.90,1007244.00,1005450.60 
2010-03-29 13:00:00,2820.90,1007126.40,1005450.60 
2010-03-29 14:00:00,2820.90,1007685.00,1005450.60 
2010-03-29 15:00:00,2820.90,1006420.80,1005450.60 
2010-03-29 16:00:00,2820.90,1004965.50,1005450.60 
2010-03-29 17:00:00,2820.90,1003657.20,1005450.60 
2010-03-29 18:00:00,2820.90,1005112.50,1005450.60 
2010-03-30 10:01:00,2820.90,1006185.60,1005450.60 
2010-03-30 11:00:00,2820.90,1011595.20,1006332.60 
2010-03-30 12:00:00,2820.90,1010933.70,1006332.60 
2010-03-30 13:00:00,2820.90,1010463.30,1006332.60 
2010-03-30 14:00:00,2820.90,1011154.20,1006332.60 
2010-03-30 15:00:00,2820.90,1011021.90,1006332.60 
2010-03-30 16:00:00,2820.90,1012227.30,1006332.60 
2010-03-30 17:00:00,2820.90,1012741.80,1006332.60 
2010-03-30 18:00:00,2820.90,1011742.20,1006332.60 
2010-03-31 10:01:00,2820.90,1009845.90,1006332.60 
2010-03-31 11:00:00,2820.90,1011727.50,1009992.90 
2010-03-31 12:00:00,2820.90,1014579.30,1009992.90 
2010-03-31 13:00:00,2820.90,1014682.20,1009992.90 
2010-03-31 14:00:00,2820.90,1014329.40,1009992.90 
2010-03-31 15:00:00,2820.90,1013021.10,1009992.90 
2010-03-31 16:00:00,2820.90,1009140.30,1009992.90 
2010-03-31 17:00:00,2820.90,1006832.40,1009992.90 
2010-03-31 18:00:00,2820.90,1007067.60,1009992.90 
2010-04-01 10:00:00,2820.90,1007332.20,1009992.90 
2010-04-01 11:00:00,2820.90,1011315.90,1007479.20 
2010-04-01 12:00:00,2820.90,1013462.10,1007479.20 
2010-04-01 13:00:00,2820.90,1013447.40,1007479.20 
2010-04-01 14:00:00,2820.90,1012491.90,1007479.20 
2010-04-01 15:00:00,2820.90,1012580.10,1007479.20 
2010-04-01 16:00:00,2820.90,1013271.00,1007479.20 
2010-04-01 17:00:00,2820.90,1013079.90,1007479.20 
2010-04-01 18:00:00,2820.90,1011859.80,1007479.20 
2010-04-06 10:00:00,2820.90,1010683.80,1007479.20 
2010-04-06 11:00:00,2820.90,1015446.60,1010830.80 
2010-04-06 12:00:00,2820.90,1016475.60,1010830.80 
2010-04-06 13:00:00,2820.90,1014182.40,1010830.80 
2010-04-06 14:00:00,2820.90,1014976.20,1010830.80 
2010-04-06 15:00:00,2820.90,1014182.40,1010830.80 
2010-04-06 16:00:00,2820.90,1008978.60,1010830.80 
2010-04-06 17:00:00,2820.90,1011021.90,1010830.80 
2010-04-06 18:00:00,2820.90,1012756.50,1010830.80 
2010-04-07 10:00:00,2820.90,1012653.60,1010830.80 
2010-04-07 11:00:00,2820.90,1008346.50,1012800.60 
2010-04-07 12:00:00,2820.90,1006729.50,1012800.60 
2010-04-07 13:00:00,2820.90,1008934.50,1012800.60 
2010-04-07 14:00:00,2820.90,1009890.00,1012800.60 
2010-04-07 15:00:00,2820.90,1009640.10,1012800.60 
2010-04-07 16:00:00,2820.90,1007640.90,1012800.60 
2010-04-07 17:00:00,2820.90,1007905.50,1012800.60 
2010-04-07 18:00:00,2820.90,1006082.70,1012800.60 
2010-04-08 10:00:00,2820.90,1007567.40,1012800.60 
2010-04-08 11:00:00,998275.50,0.00,0.00 
2010-04-08 12:00:00,998275.50,0.00,0.00 
2010-04-08 13:00:00,998275.50,0.00,0.00 
2010-04-08 14:00:00,998275.50,0.00,0.00 
2010-04-08 15:00:00,998275.50,0.00,0.00 
2010-04-08 16:00:00,998275.50,0.00,0.00 
2010-04-08 17:00:00,998275.50,0.00,0.00 
2010-04-08 18:00:00,998275.50,0.00,0.00 
2010-04-09 10:00:00,998275.50,0.00,0.00 
2010-04-09 11:00:00,998275.50,0.00,0.00 
2010-04-09 12:00:00,998275.50,0.00,0.00 
2010-04-09 13:00:00,998275.50,0.00,0.00 
2010-04-09 14:00:00,998275.50,0.00,0.00 
2010-04-09 15:00:00,998275.50,0.00,0.00 
2010-04-09 16:00:00,998275.50,0.00,0.00 
2010-04-09 17:00:00,998275.50,0.00,0.00 
2010-04-09 18:00:00,998275.50,0.00,0.00 
2010-04-12 10:00:00,998275.50,0.00,0.00 
2010-04-12 11:00:00,998275.50,0.00,0.00 
2010-04-12 12:00:00,998275.50,0.00,0.00 
2010-04-12 13:00:00,998275.50,0.00,0.00 
2010-04-12 14:00:00,830.70,996652.80,997300.80 
2010-04-12 15:00:00,830.70,997790.40,997300.80 
2010-04-12 16:00:00,830.70,994838.40,997300.80 
2010-04-12 17:00:00,830.70,993902.40,997300.80 
2010-04-12 18:00:00,830.70,996076.80,997300.80 
2010-04-13 10:00:00,830.70,994780.80,997300.80 
2010-04-13 11:00:00,830.70,993254.40,994924.80 
2010-04-13 12:00:00,830.70,992476.80,994924.80 
2010-04-13 13:00:00,830.70,992289.60,994924.80 
2010-04-13 14:00:00,830.70,990907.20,994924.80 
2010-04-13 15:00:00,830.70,991857.60,994924.80 
2010-04-13 16:00:00,830.70,993600.00,994924.80 
2010-04-13 17:00:00,830.70,992131.20,994924.80 
2010-04-13 18:00:00,830.70,990561.60,994924.80 
2010-04-14 10:01:00,830.70,991238.40,994924.80 
2010-04-14 11:00:00,830.70,993268.80,991382.40 
2010-04-14 12:00:00,830.70,992606.40,991382.40 
2010-04-14 13:00:00,830.70,992289.60,991382.40 
2010-04-14 14:00:00,830.70,995356.80,991382.40 
2010-04-14 15:00:00,830.70,996724.80,991382.40 
2010-04-14 16:00:00,830.70,995630.40,991382.40 
2010-04-14 17:00:00,830.70,996134.40,991382.40 
2010-04-14 18:00:00,830.70,996019.20,991382.40 
2010-04-15 10:00:00,830.70,995284.80,991382.40 
2010-04-15 11:00:00,830.70,1000065.60,995428.80 
2010-04-15 12:00:00,830.70,999014.40,995428.80 
2010-04-15 13:00:00,830.70,998596.80,995428.80 
2010-04-15 14:00:00,830.70,1000238.40,995428.80 
2010-04-15 15:00:00,830.70,1000267.20,995428.80 
2010-04-15 16:00:00,830.70,1001102.40,995428.80 
2010-04-15 17:00:00,830.70,1001332.80,995428.80 
2010-04-15 18:00:00,830.70,1004155.20,995428.80 
2010-04-16 10:02:00,830.70,1001980.80,995428.80 
2010-04-16 11:00:00,830.70,1003536.00,1002124.80 
2010-04-16 12:00:00,830.70,1003147.20,1002124.80 
2010-04-16 13:00:00,830.70,1004184.00,1002124.80 
2010-04-16 14:00:00,830.70,1002686.40,1002124.80 
2010-04-16 15:00:00,830.70,1003478.40,1002124.80 
2010-04-16 16:00:00,830.70,1001419.20,1002124.80 
2010-04-16 17:00:00,830.70,999907.20,1002124.80 
2010-04-16 18:00:00,830.70,995486.40,1002124.80 
2010-04-19 10:00:00,830.70,989078.40,1002124.80 
2010-04-19 11:00:00,982536.30,0.00,0.00 
2010-04-19 12:00:00,982536.30,0.00,0.00 
2010-04-19 13:00:00,982536.30,0.00,0.00 
2010-04-19 14:00:00,982536.30,0.00,0.00 
2010-04-19 15:00:00,982536.30,0.00,0.00 
2010-04-19 16:00:00,982536.30,0.00,0.00 
2010-04-19 17:00:00,982536.30,0.00,0.00 
2010-04-19 18:00:00,982536.30,0.00,0.00 
2010-04-20 10:00:00,982536.30,0.00,0.00 
2010-04-20 11:00:00,982536.30,0.00,0.00 
2010-04-20 12:00:00,982536.30,0.00,0.00 
2010-04-20 13:00:00,982536.30,0.00,0.00 
2010-04-20 14:00:00,982536.30,0.00,0.00 
2010-04-20 15:00:00,982536.30,0.00,0.00 
2010-04-20 16:00:00,982536.30,0.00,0.00 
2010-04-20 17:00:00,982536.30,0.00,0.00 
2010-04-20 18:00:00,982536.30,0.00,0.00 
2010-04-21 10:00:00,982536.30,0.00,0.00 
2010-04-21 11:00:00,982536.30,0.00,0.00 
2010-04-21 12:00:00,982536.30,0.00,0.00 
2010-04-21 13:00:00,982536.30,0.00,0.00 
2010-04-21 14:00:00,982536.30,0.00,0.00 
2010-04-21 15:00:00,982536.30,0.00,0.00 
2010-04-21 16:00:00,982536.30,0.00,0.00 
2010-04-21 17:00:00,982536.30,0.00,0.00 
2010-04-21 18:00:00,982536.30,0.00,0.00 
2010-04-22 10:00:00,982536.30,0.00,0.00 
2010-04-22 11:00:00,982536.30,0.00,0.00 
2010-04-22 12:00:00,982536.30,0.00,0.00 
2010-04-22 13:00:00,982536.30,0.00,0.00 
2010-04-22 14:00:00,982536.30,0.00,0.00 
2010-04-22 15:00:00,982536.30,0.00,0.00 
2010-04-22 16:00:00,982536.30,0.00,0.00 
2010-04-22 17:00:00,982536.30,0.00,0.00 
2010-04-22 18:00:00,982536.30,0.00,0.00 
2010-04-23 10:01:00,982536.30,0.00,0.00 
2010-04-23 11:00:00,982536.30,0.00,0.00 
2010-04-23 12:00:00,982536.30,0.00,0.00 
2010-04-23 13:00:00,982536.30,0.00,0.00 
2010-04-23 14:00:00,982536.30,0.00,0.00 
2010-04-23 15:00:00,982536.30,0.00,0.00 
2010-04-23 16:00:00,982536.30,0.00,0.00 
2010-04-23 17:00:00,982536.30,0.00,0.00 
2010-04-23 18:00:00,982536.30,0.00,0.00 
2010-04-26 10:03:00,982536.30,0.00,0.00 
2010-04-26 11:00:00,982536.30,0.00,0.00 
2010-04-26 12:00:00,982536.30,0.00,0.00 
2010-04-26 13:00:00,982536.30,0.00,0.00 
2010-04-26 14:00:00,982536.30,0.00,0.00 
2010-04-26 15:00:00,982536.30,0.00,0.00 
2010-04-26 16:00:00,982536.30,0.00,0.00 
2010-04-26 17:00:00,982536.30,0.00,0.00 
2010-04-26 18:00:00,982536.30,0.00,0.00 
2010-04-27 10:00:00,982536.30,0.00,0.00 
2010-04-27 11:00:00,982536.30,0.00,0.00 
2010-04-27 12:00:00,16.30,981186.00,982375.00 
2010-04-27 13:00:00,16.30,978184.50,982375.00 
2010-04-27 14:00:00,16.30,975763.00,982375.00 
2010-04-27 15:00:00,16.30,976836.00,982375.00 
2010-04-27 16:00:00,16.30,976879.50,982375.00 
2010-04-27 17:00:00,16.30,975473.00,982375.00 
2010-04-27 18:00:00,16.30,977213.00,982375.00 
2010-04-28 10:00:00,972052.80,0.00,0.00 
2010-04-28 11:00:00,972052.80,0.00,0.00 
2010-04-28 12:00:00,972052.80,0.00,0.00 
2010-04-28 13:00:00,972052.80,0.00,0.00 
2010-04-28 14:00:00,972052.80,0.00,0.00 
2010-04-28 15:00:00,972052.80,0.00,0.00 
2010-04-28 16:00:00,972052.80,0.00,0.00 
2010-04-28 17:00:00,972052.80,0.00,0.00 
2010-04-28 18:00:00,972052.80,0.00,0.00 
2010-04-29 10:03:00,972052.80,0.00,0.00 
2010-04-29 11:00:00,972052.80,0.00,0.00 
2010-04-29 12:00:00,972052.80,0.00,0.00 
2010-04-29 13:00:00,972052.80,0.00,0.00 
2010-04-29 14:00:00,972052.80,0.00,0.00 
2010-04-29 15:00:00,972052.80,0.00,0.00 
2010-04-29 16:00:00,972052.80,0.00,0.00 
2010-04-29 17:00:00,972052.80,0.00,0.00 
2010-04-29 18:00:00,972052.80,0.00,0.00 
2010-04-30 10:00:00,972052.80,0.00,0.00 
2010-04-30 11:00:00,972052.80,0.00,0.00 
2010-04-30 12:00:00,972052.80,0.00,0.00 
2010-04-30 13:00:00,972052.80,0.00,0.00 
2010-04-30 14:00:00,972052.80,0.00,0.00 
2010-04-30 15:00:00,972052.80,0.00,0.00 
2010-04-30 16:00:00,972052.80,0.00,0.00 
2010-04-30 17:00:00,972052.80,0.00,0.00 
2010-04-30 18:00:00,972052.80,0.00,0.00 
2010-05-03 10:02:00,972052.80,0.00,0.00 
2010-05-03 11:00:00,972052.80,0.00,0.00 
2010-05-03 12:00:00,972052.80,0.00,0.00 
2010-05-03 13:00:00,972052.80,0.00,0.00 
2010-05-03 14:00:00,972052.80,0.00,0.00 
2010-05-03 15:00:00,972052.80,0.00,0.00 
2010-05-03 16:00:00,972052.80,0.00,0.00 
2010-05-03 17:00:00,972052.80,0.00,0.00 
2010-05-03 18:00:00,972052.80,0.00,0.00 
2010-05-04 10:00:00,972052.80,0.00,0.00 
2010-05-04 11:00:00,972052.80,0.00,0.00 
2010-05-04 12:00:00,972052.80,0.00,0.00 
2010-05-04 13:00:00,972052.80,0.00,0.00 
2010-05-04 14:00:00,972052.80,0.00,0.00 
2010-05-04 15:00:00,972052.80,0.00,0.00 
2010-05-04 16:00:00,972052.80,0.00,0.00 
2010-05-04 17:00:00,972052.80,0.00,0.00 
2010-05-04 18:00:00,972052.80,0.00,0.00 
2010-05-05 10:01:00,972052.80,0.00,0.00 
2010-05-05 11:00:00,972052.80,0.00,0.00 
2010-05-05 12:00:00,972052.80,0.00,0.00 
2010-05-05 13:00:00,972052.80,0.00,0.00 
2010-05-05 14:00:00,972052.80,0.00,0.00 
2010-05-05 15:00:00,972052.80,0.00,0.00 
2010-05-05 16:00:00,972052.80,0.00,0.00 
2010-05-05 17:00:00,972052.80,0.00,0.00 
2010-05-05 18:00:00,972052.80,0.00,0.00 
2010-05-06 10:00:00,972052.80,0.00,0.00 
2010-05-06 11:00:00,972052.80,0.00,0.00 
2010-05-06 12:00:00,972052.80,0.00,0.00 
2010-05-06 13:00:00,972052.80,0.00,0.00 
2010-05-06 14:00:00,972052.80,0.00,0.00 
2010-05-06 15:00:00,972052.80,0.00,0.00 
2010-05-06 16:00:00,972052.80,0.00,0.00 
2010-05-06 17:00:00,972052.80,0.00,0.00 
2010-05-06 18:00:00,972052.80,0.00,0.00 
2010-05-07 10:00:00,972052.80,0.00,0.00 
2010-05-07 11:00:00,972052.80,0.00,0.00 
2010-05-07 12:00:00,972052.80,0.00,0.00 
2010-05-07 13:00:00,972052.80,0.00,0.00 
2010-05-07 14:00:00,972052.80,0.00,0.00 
2010-05-07 15:00:00,972052.80,0.00,0.00 
2010-05-07 16:00:00,972052.80,0.00,0.00 
2010-05-07 17:00:00,972052.80,0.00,0.00 
2010-05-07 18:00:00,972052.80,0.00,0.00 
2010-05-19 11:00:00,972052.80,0.00,0.00 
2010-05-19 12:00:00,972052.80,0.00,0.00 
2010-05-19 13:00:00,972052.80,0.00,0.00 
2010-05-19 14:00:00,972052.80,0.00,0.00 
2010-05-19 15:00:00,972052.80,0.00,0.00 
2010-05-19 16:00:00,972052.80,0.00,0.00 
2010-05-19 17:00:00,972052.80,0.00,0.00 
2010-05-19 18:00:00,972052.80,0.00,0.00 
2010-05-20 10:02:00,972052.80,0.00,0.00 
2010-05-20 11:00:00,972052.80,0.00,0.00 
2010-05-20 12:00:00,972052.80,0.00,0.00 
2010-05-20 13:00:00,972052.80,0.00,0.00 
2010-05-20 14:00:00,972052.80,0.00,0.00 
2010-05-20 15:00:00,972052.80,0.00,0.00 
2010-05-20 16:00:00,972052.80,0.00,0.00 
2010-05-20 17:00:00,972052.80,0.00,0.00 
2010-05-20 18:00:00,972052.80,0.00,0.00 
2010-05-21 10:04:00,972052.80,0.00,0.00 
2010-05-21 11:00:00,972052.80,0.00,0.00 
2010-05-21 12:00:00,972052.80,0.00,0.00 
2010-05-21 13:00:00,972052.80,0.00,0.00 
2010-05-21 14:00:00,972052.80,0.00,0.00 
2010-05-21 15:00:00,972052.80,0.00,0.00 
2010-05-21 16:00:00,972052.80,0.00,0.00 
2010-05-21 17:00:00,972052.80,0.00,0.00 
2010-05-21 18:00:00,972052.80,0.00,0.00 
2010-05-25 10:00:00,972052.80,0.00,0.00 
2010-05-25 11:00:00,972052.80,0.00,0.00 
2010-05-25 12:00:00,972052.80,0.00,0.00 
2010-05-25 13:00:00,972052.80,0.00,0.00 
2010-05-25 14:00:00,972052.80,0.00,0.00 
2010-05-25 15:00:00,972052.80,0.00,0.00 
2010-05-25 16:00:00,972052.80,0.00,0.00 
2010-05-25 17:00:00,972052.80,0.00,0.00 
2010-05-25 18:00:00,972052.80,0.00,0.00 
2010-05-26 10:02:00,972052.80,0.00,0.00 
2010-05-26 11:00:00,972052.80,0.00,0.00 
2010-05-26 12:00:00,972052.80,0.00,0.00 
2010-05-26 13:00:00,972052.80,0.00,0.00 
2010-05-26 14:00:00,972052.80,0.00,0.00 
2010-05-26 15:00:00,972052.80,0.00,0.00 
2010-05-26 16:00:00,972052.80,0.00,0.00 
2010-05-26 17:00:00,972052.80,0.00,0.00 
2010-05-26 18:00:00,972052.80,0.00,0.00 
2010-05-27 10:01:00,972052.80,0.00,0.00 
2010-05-27 11:00:00,972052.80,0.00,0.00 
2010-05-27 12:00:00,972052.80,0.00,0.00 
2010-05-27 13:00:00,972052.80,0.00,0.00 
2010-05-27 14:00:00,972052.80,0.00,0.00 
2010-05-27 15:00:00,2419.30,969680.00,969478.50 
2010-05-27 16:00:00,2419.30,968161.00,969478.50 
2010-05-27 17:00:00,2419.30,969990.00,969478.50 
2010-05-27 18:00:00,2419.30,976531.00,969478.50 
2010-05-28 10:01:00,2419.30,975260.00,969478.50 
2010-05-28 11:00:00,2419.30,984095.00,975415.00 
2010-05-28 12:00:00,2419.30,986389.00,975415.00 
2010-05-28 13:00:00,2419.30,985009.50,975415.00 
2010-05-28 14:00:00,2419.30,983924.50,975415.00 
2010-05-28 15:00:00,2419.30,984947.50,975415.00 
2010-05-28 16:00:00,2419.30,981863.00,975415.00 
2010-05-28 17:00:00,2419.30,981227.50,975415.00 
2010-05-28 18:00:00,2419.30,979987.50,975415.00 
2010-05-31 10:00:00,2419.30,982560.50,975415.00 
2010-05-31 11:00:00,2419.30,983444.00,982715.50 
2010-05-31 12:00:00,2419.30,981460.00,982715.50 
2010-05-31 13:00:00,2419.30,981785.50,982715.50 
2010-05-31 14:00:00,2419.30,980824.50,982715.50 
2010-05-31 15:00:00,2419.30,980576.50,982715.50 
2010-05-31 16:00:00,2419.30,981677.00,982715.50 
2010-05-31 17:00:00,2419.30,982653.50,982715.50 
2010-05-31 18:00:00,2419.30,981646.00,982715.50 
2010-06-01 10:02:00,2419.30,978887.00,982715.50 
2010-06-01 11:00:00,2419.30,971416.00,979042.00 
2010-06-01 12:00:00,2419.30,966626.50,979042.00 
2010-06-01 13:00:00,2419.30,970191.50,979042.00 
2010-06-01 14:00:00,2419.30,968920.50,979042.00 
2010-06-01 15:00:00,2419.30,970842.50,979042.00 
2010-06-01 16:00:00,2419.30,970625.50,979042.00 
2010-06-01 17:00:00,2419.30,975291.00,979042.00 
2010-06-01 18:00:00,2419.30,981785.50,979042.00 
2010-06-02 10:03:00,2419.30,979941.00,979042.00 
2010-06-02 11:00:00,2419.30,974888.00,980096.00 
2010-06-02 12:00:00,2419.30,973942.50,980096.00 
2010-06-02 13:00:00,2419.30,978995.50,980096.00 
2010-06-02 14:00:00,2419.30,978220.50,980096.00 
2010-06-02 15:00:00,2419.30,980111.50,980096.00 
2010-06-02 16:00:00,2419.30,978267.00,980096.00 
2010-06-02 17:00:00,2419.30,979569.00,980096.00 
2010-06-02 18:00:00,2419.30,984699.50,980096.00 
2010-06-03 10:01:00,2419.30,985691.50,980096.00 
2010-06-03 11:00:00,2419.30,1000571.50,985846.50 
2010-06-03 12:00:00,2419.30,1002555.50,985846.50 
2010-06-03 13:00:00,2419.30,1001129.50,985846.50 
2010-06-03 14:00:00,2419.30,999300.50,985846.50 
2010-06-03 15:00:00,2419.30,1000881.50,985846.50 
2010-06-03 16:00:00,2419.30,999331.50,985846.50 
2010-06-03 17:00:00,2419.30,1000804.00,985846.50 
2010-06-03 18:00:00,2419.30,997440.50,985846.50 
2010-06-04 10:03:00,2419.30,995782.00,985846.50 
2010-06-04 11:00:00,2419.30,999502.00,995937.00 
2010-06-04 12:00:00,2419.30,1000726.50,995937.00 
2010-06-04 13:00:00,2419.30,1000354.50,995937.00 
2010-06-04 14:00:00,2419.30,997285.50,995937.00 
2010-06-04 15:00:00,2419.30,989876.50,995937.00 
2010-06-04 16:00:00,2419.30,983180.50,995937.00 
2010-06-04 17:00:00,2419.30,981289.50,995937.00 
2010-06-04 18:00:00,2419.30,977693.50,995937.00 
2010-06-07 10:00:00,2419.30,977662.50,995937.00 
2010-06-07 11:00:00,973168.80,0.00,0.00 
2010-06-07 12:00:00,973168.80,0.00,0.00 
2010-06-07 13:00:00,973168.80,0.00,0.00 
2010-06-07 14:00:00,973168.80,0.00,0.00 
2010-06-07 15:00:00,973168.80,0.00,0.00 
2010-06-07 16:00:00,973168.80,0.00,0.00 
2010-06-07 17:00:00,973168.80,0.00,0.00 
2010-06-07 18:00:00,973168.80,0.00,0.00 
2010-06-08 10:00:00,973168.80,0.00,0.00 
2010-06-08 11:00:00,973168.80,0.00,0.00 
2010-06-08 12:00:00,973168.80,0.00,0.00 
2010-06-08 13:00:00,973168.80,0.00,0.00 
2010-06-08 14:00:00,973168.80,0.00,0.00 
2010-06-08 15:00:00,973168.80,0.00,0.00 
2010-06-08 16:00:00,973168.80,0.00,0.00 
2010-06-08 17:00:00,973168.80,0.00,0.00 
2010-06-08 18:00:00,973168.80,0.00,0.00 
2010-06-09 10:01:00,973168.80,0.00,0.00 
2010-06-09 11:00:00,973168.80,0.00,0.00 
2010-06-09 12:00:00,973168.80,0.00,0.00 
2010-06-09 13:00:00,973168.80,0.00,0.00 
2010-06-09 14:00:00,973168.80,0.00,0.00 
2010-06-09 15:00:00,973168.80,0.00,0.00 
2010-06-09 16:00:00,973168.80,0.00,0.00 
2010-06-09 17:00:00,973168.80,0.00,0.00 
2010-06-09 18:00:00,973168.80,0.00,0.00 
2010-06-10 10:03:00,973168.80,0.00,0.00 
2010-06-10 11:00:00,973168.80,0.00,0.00 
2010-06-10 12:00:00,973168.80,0.00,0.00 
2010-06-10 13:00:00,973168.80,0.00,0.00 
2010-06-10 14:00:00,973168.80,0.00,0.00 
2010-06-10 15:00:00,973168.80,0.00,0.00 
2010-06-10 16:00:00,2919.30,968153.40,970096.50 
2010-06-10 17:00:00,2919.30,976706.10,970096.50 
2010-06-10 18:00:00,2919.30,975742.20,970096.50 
2010-06-11 10:00:00,2919.30,975711.60,970096.50 
2010-06-11 11:00:00,2919.30,980010.90,975864.60 
2010-06-11 12:00:00,2919.30,984417.30,975864.60 
2010-06-11 13:00:00,2919.30,984050.10,975864.60 
2010-06-11 14:00:00,2919.30,984493.80,975864.60 
2010-06-11 15:00:00,2919.30,985763.70,975864.60 
2010-06-11 16:00:00,2919.30,978129.00,975864.60 
2010-06-11 17:00:00,2919.30,983652.30,975864.60 
2010-06-11 18:00:00,2919.30,982305.90,975864.60 
2010-06-14 10:01:00,2919.30,982520.10,975864.60 
2010-06-14 11:00:00,2919.30,986926.50,982673.10 
2010-06-14 12:00:00,2919.30,989925.30,982673.10 
2010-06-14 13:00:00,2919.30,989328.60,982673.10 
2010-06-14 14:00:00,2919.30,988104.60,982673.10 
2010-06-14 15:00:00,2919.30,989083.80,982673.10 
2010-06-14 16:00:00,2919.30,988992.00,982673.10 
2010-06-14 17:00:00,2919.30,986238.00,982673.10 
2010-06-14 18:00:00,2919.30,988380.00,982673.10 
2010-06-15 10:00:00,2919.30,990246.60,982673.10 
2010-06-15 11:00:00,2919.30,987186.60,990399.60 
2010-06-15 12:00:00,2919.30,991195.20,990399.60 
2010-06-15 13:00:00,2919.30,992924.10,990399.60 
2010-06-15 14:00:00,2919.30,991883.70,990399.60 
2010-06-15 15:00:00,2919.30,991975.50,990399.60 
2010-06-15 16:00:00,2919.30,995280.30,990399.60 
2010-06-15 17:00:00,2919.30,993750.30,990399.60 
2010-06-15 18:00:00,2919.30,995112.00,990399.60 
2010-06-16 10:02:00,2919.30,992908.80,990399.60 
2010-06-16 11:00:00,2919.30,990935.10,993061.80 
2010-06-16 12:00:00,2919.30,993077.10,993061.80 
2010-06-16 13:00:00,2919.30,992495.70,993061.80 
2010-06-16 14:00:00,2919.30,991210.50,993061.80 
2010-06-16 15:00:00,2919.30,990828.00,993061.80 
2010-06-16 16:00:00,2919.30,988762.50,993061.80 
2010-06-16 17:00:00,2919.30,991332.90,993061.80 
2010-06-16 18:00:00,2919.30,990705.60,993061.80 
2010-06-17 10:02:00,2919.30,991822.50,993061.80 
2010-06-17 11:00:00,2919.30,990522.00,991975.50 
2010-06-17 12:00:00,2919.30,991837.80,991975.50 
2010-06-17 13:00:00,2919.30,993138.30,991975.50 
2010-06-17 14:00:00,2919.30,994821.30,991975.50 
2010-06-17 15:00:00,2919.30,994148.10,991975.50 
2010-06-17 16:00:00,2919.30,992725.20,991975.50 
2010-06-17 17:00:00,2919.30,992832.30,991975.50 
2010-06-17 18:00:00,2919.30,989558.10,991975.50 
2010-06-18 10:01:00,2919.30,989451.00,991975.50 
2010-06-18 11:00:00,2919.30,992771.10,989604.00 
2010-06-18 12:00:00,2919.30,991531.80,989604.00 
2010-06-18 13:00:00,2919.30,990858.60,989604.00 
2010-06-18 14:00:00,2919.30,985855.50,989604.00 
2010-06-18 15:00:00,2919.30,987247.80,989604.00 
2010-06-18 16:00:00,2919.30,986635.80,989604.00 
2010-06-18 17:00:00,2919.30,986544.00,989604.00 
2010-06-18 18:00:00,2919.30,989236.80,989604.00 
2010-06-21 10:02:00,2919.30,987217.20,989604.00 
2010-06-21 11:00:00,2919.30,997682.40,987370.20 
2010-06-21 12:00:00,2919.30,999671.40,987370.20 
2010-06-21 13:00:00,2919.30,999135.90,987370.20 
2010-06-21 14:00:00,2919.30,1000298.70,987370.20 
2010-06-21 15:00:00,2919.30,1000543.50,987370.20 
2010-06-21 16:00:00,2919.30,1000727.10,987370.20 
2010-06-21 17:00:00,2919.30,1000176.30,987370.20 
2010-06-21 18:00:00,2919.30,997636.50,987370.20 
2010-06-22 10:01:00,2919.30,998493.30,987370.20 
2010-06-22 11:00:00,2919.30,994806.00,998646.30 
2010-06-22 12:00:00,2919.30,993138.30,998646.30 
2010-06-22 13:00:00,2919.30,987048.90,998646.30 
2010-06-22 14:00:00,2919.30,987523.20,998646.30 
2010-06-22 15:00:00,2919.30,987875.10,998646.30 
2010-06-22 16:00:00,2919.30,989099.10,998646.30 
2010-06-22 17:00:00,2919.30,988808.40,998646.30 
2010-06-22 18:00:00,2919.30,987446.70,998646.30 
2010-06-23 10:01:00,2919.30,988227.00,998646.30 
2010-06-23 11:00:00,2919.30,980056.80,988380.00 
2010-06-23 12:00:00,2919.30,981877.50,988380.00 
2010-06-23 13:00:00,2919.30,982795.50,988380.00 
2010-06-23 14:00:00,2919.30,983453.40,988380.00 
2010-06-23 15:00:00,2919.30,984157.20,988380.00 
2010-06-23 16:00:00,2919.30,984340.80,988380.00 
2010-06-23 17:00:00,2919.30,981296.10,988380.00 
2010-06-23 18:00:00,2919.30,975925.80,988380.00 
2010-06-24 10:01:00,2919.30,975971.70,988380.00 
2010-06-24 11:00:00,2919.30,974059.20,976124.70 
2010-06-24 12:00:00,973092.30,0.00,0.00 
2010-06-24 13:00:00,973092.30,0.00,0.00 
2010-06-24 14:00:00,973092.30,0.00,0.00 
2010-06-24 15:00:00,973092.30,0.00,0.00 
2010-06-24 16:00:00,973092.30,0.00,0.00 
2010-06-24 17:00:00,973092.30,0.00,0.00 
2010-06-24 18:00:00,973092.30,0.00,0.00 
2010-06-25 10:02:00,973092.30,0.00,0.00 
2010-06-25 11:00:00,973092.30,0.00,0.00 
2010-06-25 12:00:00,973092.30,0.00,0.00 
2010-06-25 13:00:00,973092.30,0.00,0.00 
2010-06-25 14:00:00,973092.30,0.00,0.00 
2010-06-25 15:00:00,973092.30,0.00,0.00 
2010-06-25 16:00:00,973092.30,0.00,0.00 
2010-06-25 17:00:00,973092.30,0.00,0.00 
2010-06-25 18:00:00,973092.30,0.00,0.00 
2010-06-28 10:00:00,973092.30,0.00,0.00 
2010-06-28 11:00:00,973092.30,0.00,0.00 
2010-06-28 12:00:00,973092.30,0.00,0.00 
2010-06-28 13:00:00,973092.30,0.00,0.00 
2010-06-28 14:00:00,973092.30,0.00,0.00 
2010-06-28 15:00:00,973092.30,0.00,0.00 
2010-06-28 16:00:00,973092.30,0.00,0.00 
2010-06-28 17:00:00,973092.30,0.00,0.00 
2010-06-28 18:00:00,973092.30,0.00,0.00 
2010-06-29 10:00:00,973092.30,0.00,0.00 
2010-06-29 11:00:00,973092.30,0.00,0.00 
2010-06-29 12:00:00,973092.30,0.00,0.00 
2010-06-29 13:00:00,973092.30,0.00,0.00 
2010-06-29 14:00:00,973092.30,0.00,0.00 
2010-06-29 15:00:00,973092.30,0.00,0.00 
2010-06-29 16:00:00,973092.30,0.00,0.00 
2010-06-29 17:00:00,973092.30,0.00,0.00 
2010-06-29 18:00:00,973092.30,0.00,0.00 
2010-06-30 10:01:00,973092.30,0.00,0.00 
2010-06-30 11:00:00,973092.30,0.00,0.00 
2010-06-30 12:00:00,973092.30,0.00,0.00 
2010-06-30 13:00:00,973092.30,0.00,0.00 
2010-06-30 14:00:00,973092.30,0.00,0.00 
2010-06-30 15:00:00,973092.30,0.00,0.00 
2010-06-30 16:00:00,973092.30,0.00,0.00 
2010-06-30 17:00:00,973092.30,0.00,0.00 
2010-06-30 18:00:00,973092.30,0.00,0.00 
2010-07-01 10:01:00,973092.30,0.00,0.00 
2010-07-01 11:00:00,973092.30,0.00,0.00 
2010-07-01 12:00:00,973092.30,0.00,0.00 
2010-07-01 13:00:00,973092.30,0.00,0.00 
2010-07-01 14:00:00,973092.30,0.00,0.00 
2010-07-01 15:00:00,973092.30,0.00,0.00 
2010-07-01 16:00:00,973092.30,0.00,0.00 
2010-07-01 17:00:00,973092.30,0.00,0.00 
2010-07-01 18:00:00,973092.30,0.00,0.00 
2010-07-02 10:00:00,973092.30,0.00,0.00 
2010-07-02 11:00:00,973092.30,0.00,0.00 
2010-07-02 12:00:00,973092.30,0.00,0.00 
2010-07-02 13:00:00,973092.30,0.00,0.00 
2010-07-02 14:00:00,973092.30,0.00,0.00 
2010-07-02 15:00:00,973092.30,0.00,0.00 
2010-07-02 16:00:00,973092.30,0.00,0.00 
2010-07-02 17:00:00,973092.30,0.00,0.00 
2010-07-02 18:00:00,973092.30,0.00,0.00 
2010-07-05 10:00:00,973092.30,0.00,0.00 
2010-07-05 11:00:00,973092.30,0.00,0.00 
2010-07-05 12:00:00,973092.30,0.00,0.00 
2010-07-05 13:00:00,973092.30,0.00,0.00 
2010-07-05 14:00:00,973092.30,0.00,0.00 
2010-07-05 15:00:00,973092.30,0.00,0.00 
2010-07-05 16:00:00,973092.30,0.00,0.00 
2010-07-05 17:00:00,973092.30,0.00,0.00 
2010-07-05 18:00:00,973092.30,0.00,0.00 
2010-07-06 10:02:00,973092.30,0.00,0.00 
2010-07-06 11:00:00,973092.30,0.00,0.00 
2010-07-06 12:00:00,973092.30,0.00,0.00 
2010-07-06 13:00:00,973092.30,0.00,0.00 
2010-07-06 14:00:00,973092.30,0.00,0.00 
2010-07-06 15:00:00,973092.30,0.00,0.00 
2010-07-06 16:00:00,973092.30,0.00,0.00 
2010-07-06 17:00:00,973092.30,0.00,0.00 
2010-07-06 18:00:00,973092.30,0.00,0.00 
2010-07-07 10:00:00,973092.30,0.00,0.00 
2010-07-07 11:00:00,973092.30,0.00,0.00 
2010-07-07 12:00:00,973092.30,0.00,0.00 
2010-07-07 13:00:00,363.30,974138.40,972567.00 
2010-07-07 14:00:00,363.30,976584.60,972567.00 
2010-07-07 15:00:00,363.30,976600.80,972567.00 
2010-07-07 16:00:00,363.30,979873.20,972567.00 
2010-07-07 17:00:00,363.30,982870.20,972567.00 
2010-07-07 18:00:00,363.30,986904.00,972567.00 
2010-07-08 10:00:00,363.30,984166.20,972567.00 
2010-07-08 11:00:00,363.30,998908.20,984328.20 
2010-07-08 12:00:00,363.30,995895.00,984328.20 
2010-07-08 13:00:00,363.30,996899.40,984328.20 
2010-07-08 14:00:00,363.30,997255.80,984328.20 
2010-07-08 15:00:00,363.30,995166.00,984328.20 
2010-07-08 16:00:00,363.30,999572.40,984328.20 
2010-07-08 17:00:00,363.30,997806.60,984328.20 
2010-07-08 18:00:00,363.30,995085.00,984328.20 
2010-07-09 10:00:00,363.30,995279.40,984328.20 
2010-07-09 11:00:00,363.30,998292.60,995441.40 
2010-07-09 12:00:00,363.30,998454.60,995441.40 
2010-07-09 13:00:00,363.30,1000722.60,995441.40 
2010-07-09 14:00:00,363.30,1005453.00,995441.40 
2010-07-09 15:00:00,363.30,1004740.20,995441.40 
2010-07-09 16:00:00,363.30,1002504.60,995441.40 
2010-07-09 17:00:00,363.30,1004481.00,995441.40 
2010-07-09 18:00:00,363.30,1005404.40,995441.40 
2010-07-12 10:00:00,363.30,1004626.80,995441.40 
2010-07-12 11:00:00,363.30,1004918.40,1004788.80 
2010-07-12 12:00:00,363.30,1004351.40,1004788.80 
2010-07-12 13:00:00,363.30,1004335.20,1004788.80 
2010-07-12 14:00:00,363.30,1002958.20,1004788.80 
2010-07-12 15:00:00,363.30,1003833.00,1004788.80 
2010-07-12 16:00:00,363.30,1005517.80,1004788.80 
2010-07-12 17:00:00,363.30,1011220.20,1004788.80 
2010-07-12 18:00:00,363.30,1009098.00,1004788.80 
2010-07-13 10:01:00,363.30,1007850.60,1004788.80 
2010-07-13 11:00:00,363.30,1010491.20,1008012.60 
2010-07-13 12:00:00,363.30,1018089.00,1008012.60 
2010-07-13 13:00:00,363.30,1019385.00,1008012.60 
2010-07-13 14:00:00,363.30,1017246.60,1008012.60 
2010-07-13 15:00:00,363.30,1018494.00,1008012.60 
2010-07-13 16:00:00,363.30,1020178.80,1008012.60 
2010-07-13 17:00:00,363.30,1018477.80,1008012.60 
2010-07-13 18:00:00,363.30,1018024.20,1008012.60 
2010-07-14 10:00:00,363.30,1017910.80,1008012.60 
2010-07-14 11:00:00,363.30,1023710.40,1018072.80 
2010-07-14 12:00:00,363.30,1022349.60,1018072.80 
2010-07-14 13:00:00,363.30,1018332.00,1018072.80 
2010-07-14 14:00:00,363.30,1018720.80,1018072.80 
2010-07-14 15:00:00,363.30,1018542.60,1018072.80 
2010-07-14 16:00:00,363.30,1017181.80,1018072.80 
2010-07-14 17:00:00,363.30,1015189.20,1018072.80 
2010-07-14 18:00:00,363.30,1021345.20,1018072.80 
2010-07-15 10:01:00,363.30,1024083.00,1018072.80 
2010-07-15 11:00:00,363.30,1023208.20,1024245.00 
2010-07-15 12:00:00,363.30,1025217.00,1024245.00 
2010-07-15 13:00:00,363.30,1024876.80,1024245.00 
2010-07-15 14:00:00,363.30,1027873.80,1024245.00 
2010-07-15 15:00:00,363.30,1027954.80,1024245.00 
2010-07-15 16:00:00,363.30,1027711.80,1024245.00 
2010-07-15 17:00:00,363.30,1023807.60,1024245.00 
2010-07-15 18:00:00,363.30,1017133.20,1024245.00 
2010-07-16 10:02:00,363.30,1017700.20,1024245.00 
2010-07-16 11:00:00,363.30,1018186.20,1017862.20 
2010-07-16 12:00:00,363.30,1015740.00,1017862.20 
2010-07-16 13:00:00,363.30,1018429.20,1017862.20 
2010-07-16 14:00:00,363.30,1016922.60,1017862.20 
2010-07-16 15:00:00,363.30,1013601.60,1017862.20 
2010-07-16 16:00:00,363.30,1011852.00,1017862.20 
2010-07-16 17:00:00,363.30,1000609.20,1017862.20 
2010-07-16 18:00:00,998558.70,0.00,0.00 
2010-07-19 10:00:00,998558.70,0.00,0.00 
2010-07-19 11:00:00,998558.70,0.00,0.00 
2010-07-19 12:00:00,998558.70,0.00,0.00 
2010-07-19 13:00:00,998558.70,0.00,0.00 
2010-07-19 14:00:00,998558.70,0.00,0.00 
2010-07-19 15:00:00,998558.70,0.00,0.00 
2010-07-19 16:00:00,998558.70,0.00,0.00 
2010-07-19 17:00:00,998558.70,0.00,0.00 
2010-07-19 18:00:00,998558.70,0.00,0.00 
2010-07-20 10:00:00,998558.70,0.00,0.00 
2010-07-20 11:00:00,998558.70,0.00,0.00 
2010-07-20 12:00:00,998558.70,0.00,0.00 
2010-07-20 13:00:00,998558.70,0.00,0.00 
2010-07-20 14:00:00,998558.70,0.00,0.00 
2010-07-20 15:00:00,998558.70,0.00,0.00 
2010-07-20 16:00:00,998558.70,0.00,0.00 
2010-07-20 17:00:00,998558.70,0.00,0.00 
2010-07-20 18:00:00,998558.70,0.00,0.00 
2010-07-21 10:00:00,998558.70,0.00,0.00 
2010-07-21 11:00:00,998558.70,0.00,0.00 
2010-07-21 12:00:00,998558.70,0.00,0.00 
2010-07-21 13:00:00,998558.70,0.00,0.00 
2010-07-21 14:00:00,998558.70,0.00,0.00 
2010-07-21 15:00:00,998558.70,0.00,0.00 
2010-07-21 16:00:00,998558.70,0.00,0.00 
2010-07-21 17:00:00,998558.70,0.00,0.00 
2010-07-21 18:00:00,998558.70,0.00,0.00 
2010-07-22 10:00:00,998558.70,0.00,0.00 
2010-07-22 11:00:00,998558.70,0.00,0.00 
2010-07-22 12:00:00,998558.70,0.00,0.00 
2010-07-22 13:00:00,998558.70,0.00,0.00 
2010-07-22 14:00:00,998558.70,0.00,0.00 
2010-07-22 15:00:00,998558.70,0.00,0.00 
2010-07-22 16:00:00,998558.70,0.00,0.00 
2010-07-22 17:00:00,998558.70,0.00,0.00 
2010-07-22 18:00:00,4718.70,993376.00,993680.00 
2010-07-23 10:01:00,4718.70,990656.00,993680.00 
2010-07-23 11:00:00,4718.70,986912.00,990816.00 
2010-07-23 12:00:00,4718.70,988704.00,990816.00 
2010-07-23 13:00:00,4718.70,986896.00,990816.00 
2010-07-23 14:00:00,4718.70,987696.00,990816.00 
2010-07-23 15:00:00,4718.70,988432.00,990816.00 
2010-07-23 16:00:00,4718.70,988304.00,990816.00 
2010-07-23 17:00:00,4718.70,983824.00,990816.00 
2010-07-23 18:00:00,4718.70,989200.00,990816.00 
2010-07-26 10:00:00,4718.70,991776.00,990816.00 
2010-07-26 11:00:00,4718.70,987968.00,991936.00 
2010-07-26 12:00:00,988126.70,0.00,0.00 
2010-07-26 13:00:00,988126.70,0.00,0.00 
2010-07-26 14:00:00,988126.70,0.00,0.00 
2010-07-26 15:00:00,988126.70,0.00,0.00 
2010-07-26 16:00:00,988126.70,0.00,0.00 
2010-07-26 17:00:00,988126.70,0.00,0.00 
2010-07-26 18:00:00,988126.70,0.00,0.00 
2010-07-27 10:00:00,988126.70,0.00,0.00 
2010-07-27 11:00:00,988126.70,0.00,0.00 
2010-07-27 12:00:00,988126.70,0.00,0.00 
2010-07-27 13:00:00,988126.70,0.00,0.00 
2010-07-27 14:00:00,988126.70,0.00,0.00 
2010-07-27 15:00:00,988126.70,0.00,0.00 
2010-07-27 16:00:00,988126.70,0.00,0.00 
2010-07-27 17:00:00,988126.70,0.00,0.00 
2010-07-27 18:00:00,988126.70,0.00,0.00 
2010-07-28 10:02:00,988126.70,0.00,0.00 
2010-07-28 11:00:00,988126.70,0.00,0.00 
2010-07-28 12:00:00,988126.70,0.00,0.00 
2010-07-28 13:00:00,988126.70,0.00,0.00 
2010-07-28 14:00:00,988126.70,0.00,0.00 
2010-07-28 15:00:00,988126.70,0.00,0.00 
2010-07-28 16:00:00,988126.70,0.00,0.00 
2010-07-28 17:00:00,988126.70,0.00,0.00 
2010-07-28 18:00:00,988126.70,0.00,0.00 
2010-07-29 10:00:00,988126.70,0.00,0.00 
2010-07-29 11:00:00,988126.70,0.00,0.00 
2010-07-29 12:00:00,988126.70,0.00,0.00 
2010-07-29 13:00:00,988126.70,0.00,0.00 
2010-07-29 14:00:00,988126.70,0.00,0.00 
2010-07-29 15:00:00,988126.70,0.00,0.00 
2010-07-29 16:00:00,988126.70,0.00,0.00 
2010-07-29 17:00:00,988126.70,0.00,0.00 
2010-07-29 18:00:00,988126.70,0.00,0.00 
2010-07-30 10:01:00,988126.70,0.00,0.00 
2010-07-30 11:00:00,988126.70,0.00,0.00 
2010-07-30 12:00:00,988126.70,0.00,0.00 
2010-07-30 13:00:00,988126.70,0.00,0.00 
2010-07-30 14:00:00,988126.70,0.00,0.00 
2010-07-30 15:00:00,988126.70,0.00,0.00 
2010-07-30 16:00:00,988126.70,0.00,0.00 
2010-07-30 17:00:00,988126.70,0.00,0.00 
2010-07-30 18:00:00,988126.70,0.00,0.00 
2010-08-02 10:00:00,988126.70,0.00,0.00 
2010-08-02 11:00:00,988126.70,0.00,0.00 
2010-08-02 12:00:00,988126.70,0.00,0.00 
2010-08-02 13:00:00,988126.70,0.00,0.00 
2010-08-02 14:00:00,988126.70,0.00,0.00 
2010-08-02 15:00:00,988126.70,0.00,0.00 
2010-08-02 16:00:00,988126.70,0.00,0.00 
2010-08-02 17:00:00,988126.70,0.00,0.00 
2010-08-02 18:00:00,988126.70,0.00,0.00 
2010-08-03 10:01:00,988126.70,0.00,0.00 
2010-08-03 11:00:00,988126.70,0.00,0.00 
2010-08-03 12:00:00,988126.70,0.00,0.00 
2010-08-03 13:00:00,988126.70,0.00,0.00 
2010-08-03 14:00:00,6077.70,981568.50,981894.00 
2010-08-03 15:00:00,6077.70,979677.50,981894.00 
2010-08-03 16:00:00,6077.70,979181.50,981894.00 
2010-08-03 17:00:00,6077.70,978809.50,981894.00 
2010-08-03 18:00:00,6077.70,979863.50,981894.00 
2010-08-04 10:01:00,6077.70,981165.50,981894.00 
2010-08-04 11:00:00,6077.70,977414.50,981320.50 
2010-08-04 12:00:00,6077.70,977337.00,981320.50 
2010-08-04 13:00:00,6077.70,978189.50,981320.50 
2010-08-04 14:00:00,6077.70,978949.00,981320.50 
2010-08-04 15:00:00,6077.70,980344.00,981320.50 
2010-08-04 16:00:00,6077.70,983506.00,981320.50 
2010-08-04 17:00:00,6077.70,987179.50,981320.50 
2010-08-04 18:00:00,6077.70,986528.50,981320.50 
2010-08-05 10:00:00,6077.70,987164.00,981320.50 
2010-08-05 11:00:00,6077.70,988419.50,987319.00 
2010-08-05 12:00:00,6077.70,990248.50,987319.00 
2010-08-05 13:00:00,6077.70,991736.50,987319.00 
2010-08-05 14:00:00,6077.70,992232.50,987319.00 
2010-08-05 15:00:00,6077.70,990899.50,987319.00 
2010-08-05 16:00:00,6077.70,989613.00,987319.00 
2010-08-05 17:00:00,6077.70,988667.50,987319.00 
2010-08-05 18:00:00,6077.70,987660.00,987319.00 
2010-08-06 10:01:00,6077.70,988280.00,987319.00 
2010-08-06 11:00:00,6077.70,989737.00,988435.00 
2010-08-06 12:00:00,6077.70,988497.00,988435.00 
2010-08-06 13:00:00,6077.70,987536.00,988435.00 
2010-08-06 14:00:00,6077.70,988993.00,988435.00 
2010-08-06 15:00:00,6077.70,990357.00,988435.00 
2010-08-06 16:00:00,6077.70,981894.00,988435.00 
2010-08-06 17:00:00,6077.70,985195.50,988435.00 
2010-08-06 18:00:00,6077.70,975368.50,988435.00 
2010-08-09 10:01:00,6077.70,976670.50,988435.00 
2010-08-09 11:00:00,6077.70,987257.00,976825.50 
2010-08-09 12:00:00,6077.70,989380.50,976825.50 
2010-08-09 13:00:00,6077.70,989520.00,976825.50 
2010-08-09 14:00:00,6077.70,989411.50,976825.50 
2010-08-09 15:00:00,6077.70,989706.00,976825.50 
2010-08-09 16:00:00,6077.70,989489.00,976825.50 
2010-08-09 17:00:00,6077.70,988621.00,976825.50 
2010-08-09 18:00:00,6077.70,989489.00,976825.50 
2010-08-10 10:00:00,6077.70,991147.50,976825.50 
2010-08-10 11:00:00,6077.70,985226.50,991302.50 
2010-08-10 12:00:00,6077.70,989969.50,991302.50 
2010-08-10 13:00:00,6077.70,989628.50,991302.50 
2010-08-10 14:00:00,6077.70,991504.00,991302.50 
2010-08-10 15:00:00,6077.70,991194.00,991302.50 
2010-08-10 16:00:00,6077.70,990341.50,991302.50 
2010-08-10 17:00:00,6077.70,989334.00,991302.50 
2010-08-10 18:00:00,6077.70,988698.50,991302.50 
2010-08-11 10:01:00,6077.70,989985.00,991302.50 
2010-08-11 11:00:00,6077.70,985490.00,990140.00 
2010-08-11 12:00:00,6077.70,984358.50,990140.00 
2010-08-11 13:00:00,6077.70,980902.00,990140.00 
2010-08-11 14:00:00,6077.70,982343.50,990140.00 
2010-08-11 15:00:00,6077.70,980824.50,990140.00 
2010-08-11 16:00:00,6077.70,978871.50,990140.00 
2010-08-11 17:00:00,6077.70,975012.00,990140.00 
2010-08-11 18:00:00,977912.20,0.00,0.00 
2010-08-12 10:00:00,977912.20,0.00,0.00 
2010-08-12 11:00:00,977912.20,0.00,0.00 
2010-08-12 12:00:00,977912.20,0.00,0.00 
2010-08-12 13:00:00,977912.20,0.00,0.00 
2010-08-12 14:00:00,977912.20,0.00,0.00 
2010-08-12 15:00:00,977912.20,0.00,0.00 
2010-08-12 16:00:00,977912.20,0.00,0.00 
2010-08-12 17:00:00,977912.20,0.00,0.00 
2010-08-12 18:00:00,977912.20,0.00,0.00 
2010-08-13 10:01:00,977912.20,0.00,0.00 
2010-08-13 11:00:00,977912.20,0.00,0.00 
2010-08-13 12:00:00,977912.20,0.00,0.00 
2010-08-13 13:00:00,977912.20,0.00,0.00 
2010-08-13 14:00:00,977912.20,0.00,0.00 
2010-08-13 15:00:00,977912.20,0.00,0.00 
2010-08-13 16:00:00,977912.20,0.00,0.00 
2010-08-13 17:00:00,977912.20,0.00,0.00 
2010-08-13 18:00:00,977912.20,0.00,0.00 
2010-08-16 10:01:00,977912.20,0.00,0.00 
2010-08-16 11:00:00,977912.20,0.00,0.00 
2010-08-16 12:00:00,977912.20,0.00,0.00 
2010-08-16 13:00:00,977912.20,0.00,0.00 
2010-08-16 14:00:00,977912.20,0.00,0.00 
2010-08-16 15:00:00,977912.20,0.00,0.00 
2010-08-16 16:00:00,977912.20,0.00,0.00 
2010-08-16 17:00:00,977912.20,0.00,0.00 
2010-08-16 18:00:00,977912.20,0.00,0.00 
2010-08-17 10:00:00,977912.20,0.00,0.00 
2010-08-17 11:00:00,977912.20,0.00,0.00 
2010-08-17 12:00:00,977912.20,0.00,0.00 
2010-08-17 13:00:00,977912.20,0.00,0.00 
2010-08-17 14:00:00,977912.20,0.00,0.00 
2010-08-17 15:00:00,4154.80,972694.80,973603.40 
2010-08-17 16:00:00,4154.80,972879.60,973603.40 
2010-08-17 17:00:00,4154.80,972325.20,973603.40 
2010-08-17 18:00:00,4154.80,975944.20,973603.40 
2010-08-18 10:01:00,4154.80,979024.20,973603.40 
2010-08-18 11:00:00,4154.80,975651.60,979178.20 
2010-08-18 12:00:00,4154.80,977299.40,979178.20 
2010-08-18 13:00:00,4154.80,979686.40,979178.20 
2010-08-18 14:00:00,4154.80,979008.80,979178.20 
2010-08-18 15:00:00,4154.80,980410.20,979178.20 
2010-08-18 16:00:00,4154.80,980749.00,979178.20 
2010-08-18 17:00:00,4154.80,978762.40,979178.20 
2010-08-18 18:00:00,4154.80,978100.20,979178.20 
2010-08-19 10:00:00,4154.80,979224.40,979178.20 
2010-08-19 11:00:00,4154.80,975590.00,979378.40 
2010-08-19 12:00:00,4154.80,976760.40,979378.40 
2010-08-19 13:00:00,4154.80,977484.20,979378.40 
2010-08-19 14:00:00,4154.80,981026.20,979378.40 
2010-08-19 15:00:00,4154.80,980425.60,979378.40 
2010-08-19 16:00:00,4154.80,975128.00,979378.40 
2010-08-19 17:00:00,4154.80,973603.40,979378.40 
2010-08-19 18:00:00,4154.80,966919.80,979378.40 
2010-08-20 10:01:00,4154.80,967474.20,979378.40 
2010-08-20 11:00:00,967655.80,0.00,0.00 
2010-08-20 12:00:00,967655.80,0.00,0.00 
2010-08-20 13:00:00,967655.80,0.00,0.00 
2010-08-20 14:00:00,967655.80,0.00,0.00 
2010-08-20 15:00:00,967655.80,0.00,0.00 
2010-08-20 16:00:00,967655.80,0.00,0.00 
2010-08-20 17:00:00,967655.80,0.00,0.00 
2010-08-20 18:00:00,967655.80,0.00,0.00 
2010-08-23 10:01:00,967655.80,0.00,0.00 
2010-08-23 11:00:00,967655.80,0.00,0.00 
2010-08-23 12:00:00,967655.80,0.00,0.00 
2010-08-23 13:00:00,967655.80,0.00,0.00 
2010-08-23 14:00:00,967655.80,0.00,0.00 
2010-08-23 15:00:00,967655.80,0.00,0.00 
2010-08-23 16:00:00,967655.80,0.00,0.00 
2010-08-23 17:00:00,967655.80,0.00,0.00 
2010-08-23 18:00:00,967655.80,0.00,0.00 
2010-08-24 10:00:00,967655.80,0.00,0.00 
2010-08-24 11:00:00,967655.80,0.00,0.00 
2010-08-24 12:00:00,967655.80,0.00,0.00 
2010-08-24 13:00:00,967655.80,0.00,0.00 
2010-08-24 14:00:00,967655.80,0.00,0.00 
2010-08-24 15:00:00,967655.80,0.00,0.00 
2010-08-24 16:00:00,967655.80,0.00,0.00 
2010-08-24 17:00:00,967655.80,0.00,0.00 
2010-08-24 18:00:00,967655.80,0.00,0.00 
2010-08-25 10:00:00,967655.80,0.00,0.00 
2010-08-25 11:00:00,967655.80,0.00,0.00 
2010-08-25 12:00:00,967655.80,0.00,0.00 
2010-08-25 13:00:00,967655.80,0.00,0.00 
2010-08-25 14:00:00,967655.80,0.00,0.00 
2010-08-25 15:00:00,967655.80,0.00,0.00 
2010-08-25 16:00:00,967655.80,0.00,0.00 
2010-08-25 17:00:00,967655.80,0.00,0.00 
2010-08-25 18:00:00,967655.80,0.00,0.00 
2010-08-26 10:00:00,967655.80,0.00,0.00 
2010-08-26 11:00:00,967655.80,0.00,0.00 
2010-08-26 12:00:00,967655.80,0.00,0.00 
2010-08-26 13:00:00,967655.80,0.00,0.00 
2010-08-26 14:00:00,967655.80,0.00,0.00 
2010-08-26 15:00:00,967655.80,0.00,0.00 
2010-08-26 16:00:00,967655.80,0.00,0.00 
2010-08-26 17:00:00,967655.80,0.00,0.00 
2010-08-26 18:00:00,967655.80,0.00,0.00 
2010-08-27 10:00:00,967655.80,0.00,0.00 
2010-08-27 11:00:00,967655.80,0.00,0.00 
2010-08-27 12:00:00,967655.80,0.00,0.00 
2010-08-27 13:00:00,967655.80,0.00,0.00 
2010-08-27 14:00:00,967655.80,0.00,0.00 
2010-08-27 15:00:00,967655.80,0.00,0.00 
2010-08-27 16:00:00,967655.80,0.00,0.00 
2010-08-27 17:00:00,967655.80,0.00,0.00 
2010-08-27 18:00:00,5993.80,960382.80,961506.00 
2010-08-30 10:00:00,5993.80,964516.80,961506.00 
2010-08-30 11:00:00,5993.80,970772.40,964672.80 
2010-08-30 12:00:00,5993.80,969945.60,964672.80 
2010-08-30 13:00:00,5993.80,970897.20,964672.80 
2010-08-30 14:00:00,5993.80,966669.60,964672.80 
2010-08-30 15:00:00,5993.80,966264.00,964672.80 
2010-08-30 16:00:00,5993.80,966872.40,964672.80 
2010-08-30 17:00:00,5993.80,967855.20,964672.80 
2010-08-30 18:00:00,5993.80,968541.60,964672.80 
2010-08-31 10:00:00,5993.80,969009.60,964672.80 
2010-08-31 11:00:00,5993.80,958152.00,969165.60 
2010-08-31 12:00:00,5993.80,958838.40,969165.60 
2010-08-31 13:00:00,5993.80,960164.40,969165.60 
2010-08-31 14:00:00,5993.80,958744.80,969165.60 
2010-08-31 15:00:00,5993.80,959275.20,969165.60 
2010-08-31 16:00:00,5993.80,957574.80,969165.60 
2010-08-31 17:00:00,5993.80,959478.00,969165.60 
2010-08-31 18:00:00,5993.80,962894.40,969165.60 
2010-09-01 10:01:00,5993.80,960897.60,969165.60 
2010-09-01 11:00:00,5993.80,969009.60,961053.60 
2010-09-01 12:00:00,5993.80,973658.40,961053.60 
2010-09-01 13:00:00,5993.80,978120.00,961053.60 
2010-09-01 14:00:00,5993.80,978042.00,961053.60 
2010-09-01 15:00:00,5993.80,977745.60,961053.60 
2010-09-01 16:00:00,5993.80,975936.00,961053.60 
2010-09-01 17:00:00,5993.80,978463.20,961053.60 
2010-09-01 18:00:00,5993.80,987495.60,961053.60 
2010-09-02 10:00:00,5993.80,986731.20,961053.60 
2010-09-02 11:00:00,5993.80,985545.60,986887.20 
2010-09-02 12:00:00,5993.80,984999.60,986887.20 
2010-09-02 13:00:00,5993.80,986388.00,986887.20 
2010-09-02 14:00:00,5993.80,984656.40,986887.20 
2010-09-02 15:00:00,5993.80,985654.80,986887.20 
2010-09-02 16:00:00,5993.80,986918.40,986887.20 
2010-09-02 17:00:00,5993.80,987339.60,986887.20 
2010-09-02 18:00:00,5993.80,988478.40,986887.20 
2010-09-03 10:00:00,5993.80,987058.80,986887.20 
2010-09-03 11:00:00,5993.80,990334.80,987214.80 
2010-09-03 12:00:00,5993.80,992503.20,987214.80 
2010-09-03 13:00:00,5993.80,995701.20,987214.80 
2010-09-03 14:00:00,5993.80,995545.20,987214.80 
2010-09-03 15:00:00,5993.80,994297.20,987214.80 
2010-09-03 16:00:00,5993.80,1000225.20,987214.80 
2010-09-03 17:00:00,5993.80,1001364.00,987214.80 
2010-09-03 18:00:00,5993.80,996996.00,987214.80 
2010-09-06 10:01:00,5993.80,997978.80,987214.80 
2010-09-06 11:00:00,5993.80,1000927.20,998134.80 
2010-09-06 12:00:00,5993.80,1000350.00,998134.80 
2010-09-06 13:00:00,5993.80,1001785.20,998134.80 
2010-09-06 14:00:00,5993.80,1001832.00,998134.80 
2010-09-06 15:00:00,5993.80,1002736.80,998134.80 
2010-09-06 16:00:00,5993.80,1002066.00,998134.80 
2010-09-06 17:00:00,5993.80,1002502.80,998134.80 
2010-09-06 18:00:00,5993.80,1001707.20,998134.80 
2010-09-07 10:00:00,5993.80,1001551.20,998134.80 
2010-09-07 11:00:00,5993.80,993486.00,1001707.20 
2010-09-07 12:00:00,5993.80,994141.20,1001707.20 
2010-09-07 13:00:00,5993.80,991926.00,1001707.20 
2010-09-07 14:00:00,5993.80,991770.00,1001707.20 
2010-09-07 15:00:00,5993.80,992097.60,1001707.20 
2010-09-07 16:00:00,5993.80,991208.40,1001707.20 
2010-09-07 17:00:00,5993.80,988088.40,1001707.20 
2010-09-07 18:00:00,5993.80,990490.80,1001707.20 
2010-09-08 10:01:00,5993.80,990896.40,1001707.20 
2010-09-08 11:00:00,5993.80,985545.60,991052.40 
2010-09-08 12:00:00,5993.80,986325.60,991052.40 
2010-09-08 13:00:00,5993.80,986481.60,991052.40 
2010-09-08 14:00:00,5993.80,990163.20,991052.40 
2010-09-08 15:00:00,5993.80,992175.60,991052.40 
2010-09-08 16:00:00,5993.80,992799.60,991052.40 
2010-09-08 17:00:00,5993.80,996169.20,991052.40 
2010-09-08 18:00:00,5993.80,995482.80,991052.40 
2010-09-09 10:00:00,5993.80,995264.40,991052.40 
2010-09-09 11:00:00,5993.80,993033.60,995420.40 
2010-09-09 12:00:00,5993.80,996730.80,995420.40 
2010-09-09 13:00:00,5993.80,997885.20,995420.40 
2010-09-09 14:00:00,5993.80,997682.40,995420.40 
2010-09-09 15:00:00,5993.80,997276.80,995420.40 
2010-09-09 16:00:00,5993.80,999928.80,995420.40 
2010-09-09 17:00:00,5993.80,1001644.80,995420.40 
2010-09-09 18:00:00,5993.80,999928.80,995420.40 
2010-09-10 10:01:00,5993.80,1001582.40,995420.40 
2010-09-10 11:00:00,5993.80,1003922.40,1001738.40 
2010-09-10 12:00:00,5993.80,1003173.60,1001738.40 
2010-09-10 13:00:00,5993.80,1003095.60,1001738.40 
2010-09-10 14:00:00,5993.80,1004062.80,1001738.40 
2010-09-10 15:00:00,5993.80,1003360.80,1001738.40 
2010-09-10 16:00:00,5993.80,1004562.00,1001738.40 
2010-09-10 17:00:00,5993.80,1007089.20,1001738.40 
2010-09-10 18:00:00,5993.80,1008290.40,1001738.40 
2010-09-13 10:01:00,5993.80,1007198.40,1001738.40 
2010-09-13 11:00:00,5993.80,1011160.80,1007354.40 
2010-09-13 12:00:00,5993.80,1012315.20,1007354.40 
2010-09-13 13:00:00,5993.80,1012814.40,1007354.40 
2010-09-13 14:00:00,5993.80,1013407.20,1007354.40 
2010-09-13 15:00:00,5993.80,1011909.60,1007354.40 
2010-09-13 16:00:00,5993.80,1010131.20,1007354.40 
2010-09-13 17:00:00,5993.80,1010053.20,1007354.40 
2010-09-13 18:00:00,5993.80,1010037.60,1007354.40 
2010-09-14 10:01:00,5993.80,1009554.00,1007354.40 
2010-09-14 11:00:00,5993.80,1007635.20,1009710.00 
2010-09-14 12:00:00,5993.80,1008914.40,1009710.00 
2010-09-14 13:00:00,5993.80,1006964.40,1009710.00 
2010-09-14 14:00:00,5993.80,1007182.80,1009710.00 
2010-09-14 15:00:00,5993.80,1006683.60,1009710.00 
2010-09-14 16:00:00,5993.80,1007494.80,1009710.00 
2010-09-14 17:00:00,5993.80,1004530.80,1009710.00 
2010-09-14 18:00:00,5993.80,1006792.80,1009710.00 
2010-09-15 10:00:00,5993.80,1008118.80,1009710.00 
2010-09-15 11:00:00,5993.80,1008586.80,1008274.80 
2010-09-15 12:00:00,5993.80,1008243.60,1008274.80 
2010-09-15 13:00:00,5993.80,1007214.00,1008274.80 
2010-09-15 14:00:00,5993.80,1005217.20,1008274.80 
2010-09-15 15:00:00,5993.80,1004718.00,1008274.80 
2010-09-15 16:00:00,5993.80,1002924.00,1008274.80 
2010-09-15 17:00:00,5993.80,1002830.40,1008274.80 
2010-09-15 18:00:00,5993.80,1004749.20,1008274.80 
2010-09-16 10:00:00,5993.80,1004374.80,1008274.80 
2010-09-16 11:00:00,5993.80,1004577.60,1004530.80 
2010-09-16 12:00:00,5993.80,1002190.80,1004530.80 
2010-09-16 13:00:00,5993.80,1003220.40,1004530.80 
2010-09-16 14:00:00,5993.80,1002939.60,1004530.80 
2010-09-16 15:00:00,5993.80,1002315.60,1004530.80 
2010-09-16 16:00:00,5993.80,1002549.60,1004530.80 
2010-09-16 17:00:00,5993.80,1003236.00,1004530.80 
2010-09-16 18:00:00,5993.80,1003314.00,1004530.80 
2010-09-17 10:00:00,5993.80,1002861.60,1004530.80 
2010-09-17 11:00:00,5993.80,1009772.40,1003017.60 
2010-09-17 12:00:00,5993.80,1009788.00,1003017.60 
2010-09-17 13:00:00,5993.80,1009741.20,1003017.60 
2010-09-17 14:00:00,5993.80,1008009.60,1003017.60 
2010-09-17 15:00:00,5993.80,1003969.20,1003017.60 
2010-09-17 16:00:00,5993.80,1000521.60,1003017.60 
2010-09-17 17:00:00,5993.80,997386.00,1003017.60 
2010-09-17 18:00:00,5993.80,998150.40,1003017.60 
2010-09-20 10:00:00,5993.80,998743.20,1003017.60 
2010-09-20 11:00:00,5993.80,1002284.40,998899.20 
2010-09-20 12:00:00,5993.80,1006309.20,998899.20 
2010-09-20 13:00:00,5993.80,1007557.20,998899.20 
2010-09-20 14:00:00,5993.80,1007229.60,998899.20 
2010-09-20 15:00:00,5993.80,1005529.20,998899.20 
2010-09-20 16:00:00,5993.80,1006028.40,998899.20 
2010-09-20 17:00:00,5993.80,1004952.00,998899.20 
2010-09-20 18:00:00,5993.80,1010162.40,998899.20 
2010-09-21 10:00:00,5993.80,1009008.00,998899.20 
2010-09-21 11:00:00,5993.80,1006543.20,1009164.00 
2010-09-21 12:00:00,5993.80,1008898.80,1009164.00 
2010-09-21 13:00:00,5993.80,1009039.20,1009164.00 
2010-09-21 14:00:00,5993.80,1008508.80,1009164.00 
2010-09-21 15:00:00,5993.80,1008352.80,1009164.00 
2010-09-21 16:00:00,5993.80,1008274.80,1009164.00 
2010-09-21 17:00:00,5993.80,1005934.80,1009164.00 
2010-09-21 18:00:00,5993.80,1003906.80,1009164.00 
2010-09-22 10:00:00,5993.80,1003782.00,1009164.00 
2010-09-22 11:00:00,5993.80,996886.80,1003938.00 
2010-09-22 12:00:00,5993.80,994578.00,1003938.00 
2010-09-22 13:00:00,5993.80,995670.00,1003938.00 
2010-09-22 14:00:00,5993.80,995077.20,1003938.00 
2010-09-22 15:00:00,5993.80,995046.00,1003938.00 
2010-09-22 16:00:00,5993.80,995810.40,1003938.00 
2010-09-22 17:00:00,5993.80,996715.20,1003938.00 
2010-09-22 18:00:00,5993.80,992347.20,1003938.00 
2010-09-23 10:00:00,5993.80,990880.80,1003938.00 
2010-09-23 11:00:00,5993.80,988681.20,991036.80 
2010-09-23 12:00:00,988513.00,0.00,0.00 
2010-09-23 13:00:00,988513.00,0.00,0.00 
2010-09-23 14:00:00,988513.00,0.00,0.00 
2010-09-23 15:00:00,988513.00,0.00,0.00 
2010-09-23 16:00:00,988513.00,0.00,0.00 
2010-09-23 17:00:00,988513.00,0.00,0.00 
2010-09-23 18:00:00,988513.00,0.00,0.00 
2010-09-24 10:00:00,988513.00,0.00,0.00 
2010-09-24 11:00:00,988513.00,0.00,0.00 
2010-09-24 12:00:00,988513.00,0.00,0.00 
2010-09-24 13:00:00,988513.00,0.00,0.00 
2010-09-24 14:00:00,988513.00,0.00,0.00 
2010-09-24 15:00:00,988513.00,0.00,0.00 
2010-09-24 16:00:00,988513.00,0.00,0.00 
2010-09-24 17:00:00,988513.00,0.00,0.00 
2010-09-24 18:00:00,988513.00,0.00,0.00 
2010-09-27 10:00:00,988513.00,0.00,0.00 
2010-09-27 11:00:00,988513.00,0.00,0.00 
2010-09-27 12:00:00,988513.00,0.00,0.00 
2010-09-27 13:00:00,988513.00,0.00,0.00 
2010-09-27 14:00:00,988513.00,0.00,0.00 
2010-09-27 15:00:00,988513.00,0.00,0.00 
2010-09-27 16:00:00,988513.00,0.00,0.00 
2010-09-27 17:00:00,988513.00,0.00,0.00 
2010-09-27 18:00:00,988513.00,0.00,0.00 
2010-09-28 10:00:00,988513.00,0.00,0.00 
2010-09-28 11:00:00,4295.70,984923.80,984060.30 
2010-09-28 12:00:00,4295.70,986635.10,984060.30 
2010-09-28 13:00:00,4295.70,994422.30,984060.30 
2010-09-28 14:00:00,4295.70,993401.80,984060.30 
2010-09-28 15:00:00,4295.70,995128.80,984060.30 
2010-09-28 16:00:00,4295.70,998739.80,984060.30 
2010-09-28 17:00:00,4295.70,992208.60,984060.30 
2010-09-28 18:00:00,4295.70,994202.50,984060.30 
2010-09-29 10:00:00,4295.70,992962.20,984060.30 
2010-09-29 11:00:00,4295.70,995128.80,993119.20 
2010-09-29 12:00:00,4295.70,990544.40,993119.20 
2010-09-29 13:00:00,4295.70,995097.40,993119.20 
2010-09-29 14:00:00,4295.70,993637.30,993119.20 
2010-09-29 15:00:00,4295.70,995694.00,993119.20 
2010-09-29 16:00:00,4295.70,993935.60,993119.20 
2010-09-29 17:00:00,4295.70,990795.60,993119.20 
2010-09-29 18:00:00,4295.70,990795.60,993119.20 
2010-09-30 10:03:00,4295.70,990764.20,993119.20 
2010-09-30 11:00:00,4295.70,990340.30,990921.20 
2010-09-30 12:00:00,4295.70,988440.60,990921.20 
2010-09-30 13:00:00,4295.70,990042.00,990921.20 
2010-09-30 14:00:00,4295.70,988864.50,990921.20 
2010-09-30 15:00:00,4295.70,989100.00,990921.20 
2010-09-30 16:00:00,4295.70,992930.80,990921.20 
2010-09-30 17:00:00,4295.70,996918.60,990921.20 
2010-09-30 18:00:00,4295.70,994029.80,990921.20 
2010-10-01 10:01:00,4295.70,992726.70,990921.20 
2010-10-01 11:00:00,4295.70,988786.00,992883.70 
2010-10-01 12:00:00,4295.70,989900.70,992883.70 
2010-10-01 13:00:00,4295.70,990670.00,992883.70 
2010-10-01 14:00:00,4295.70,987373.00,992883.70 
2010-10-01 15:00:00,4295.70,988927.30,992883.70 
2010-10-01 16:00:00,4295.70,988362.10,992883.70 
2010-10-01 17:00:00,4295.70,989900.70,992883.70 
2010-10-01 18:00:00,4295.70,985206.40,992883.70 
2010-10-04 10:00:00,4295.70,986666.50,992883.70 
2010-10-04 11:00:00,4295.70,983479.40,986823.50 
2010-10-04 12:00:00,4295.70,983024.10,986823.50 
2010-10-04 13:00:00,4295.70,982160.60,986823.50 
2010-10-04 14:00:00,4295.70,982239.10,986823.50 
2010-10-04 15:00:00,4295.70,983071.20,986823.50 
2010-10-04 16:00:00,4295.70,982286.20,986823.50 
2010-10-04 17:00:00,4295.70,983667.80,986823.50 
2010-10-04 18:00:00,4295.70,982239.10,986823.50 
2010-10-05 10:00:00,4295.70,980559.20,986823.50 
2010-10-05 11:00:00,4295.70,981234.30,980716.20 
2010-10-05 12:00:00,4295.70,982710.10,980716.20 
2010-10-05 13:00:00,4295.70,983243.90,980716.20 
2010-10-05 14:00:00,4295.70,983071.20,980716.20 
2010-10-05 15:00:00,4295.70,982600.20,980716.20 
2010-10-05 16:00:00,4295.70,988472.00,980716.20 
2010-10-05 17:00:00,4295.70,990261.80,980716.20 
2010-10-05 18:00:00,4295.70,993276.20,980716.20 
2010-10-06 10:02:00,4295.70,992067.30,980716.20 
2010-10-06 11:00:00,4295.70,996526.10,992224.30 
2010-10-06 12:00:00,4295.70,1000404.00,992224.30 
2010-10-06 13:00:00,4295.70,1000278.40,992224.30 
2010-10-06 14:00:00,4295.70,998111.80,992224.30 
2010-10-06 15:00:00,4295.70,999352.10,992224.30 
2010-10-06 16:00:00,4295.70,996447.60,992224.30 
2010-10-06 17:00:00,4295.70,998472.90,992224.30 
2010-10-06 18:00:00,4295.70,996447.60,992224.30 
2010-10-07 10:01:00,4295.70,995803.90,992224.30 
2010-10-07 11:00:00,4295.70,995615.50,995960.90 
2010-10-07 12:00:00,4295.70,995662.60,995960.90 
2010-10-07 13:00:00,4295.70,997735.00,995960.90 
2010-10-07 14:00:00,4295.70,1000922.10,995960.90 
2010-10-07 15:00:00,4295.70,1001079.10,995960.90 
2010-10-07 16:00:00,4295.70,1004690.10,995960.90 
2010-10-07 17:00:00,4295.70,999885.90,995960.90 
2010-10-07 18:00:00,4295.70,1001769.90,995960.90 
2010-10-08 10:01:00,4295.70,1000074.30,995960.90 
2010-10-08 11:00:00,4295.70,997970.50,1000231.30 
2010-10-08 12:00:00,4295.70,996055.10,1000231.30 
2010-10-08 13:00:00,4295.70,996510.40,1000231.30 
2010-10-08 14:00:00,4295.70,993998.40,1000231.30 
2010-10-08 15:00:00,4295.70,994971.80,1000231.30 
2010-10-08 16:00:00,4295.70,994814.80,1000231.30 
2010-10-08 17:00:00,4295.70,996997.10,1000231.30 
2010-10-08 18:00:00,4295.70,997876.30,1000231.30 
2010-10-11 10:01:00,4295.70,997735.00,1000231.30 
2010-10-11 11:00:00,4295.70,999571.90,997892.00 
2010-10-11 12:00:00,4295.70,1001785.60,997892.00 
2010-10-11 13:00:00,4295.70,1002256.60,997892.00 
2010-10-11 14:00:00,4295.70,1002978.80,997892.00 
2010-10-11 15:00:00,4295.70,1001518.70,997892.00 
2010-10-11 16:00:00,4295.70,1001157.60,997892.00 
2010-10-11 17:00:00,4295.70,1001047.70,997892.00 
2010-10-11 18:00:00,4295.70,1000875.00,997892.00 
2010-10-12 10:01:00,4295.70,1001769.90,997892.00 
2010-10-12 11:00:00,4295.70,993935.60,1001926.90 
2010-10-12 12:00:00,4295.70,994202.50,1001926.90 
2010-10-12 13:00:00,4295.70,997122.70,1001926.90 
2010-10-12 14:00:00,4295.70,998629.90,1001926.90 
2010-10-12 15:00:00,4295.70,1001879.80,1001926.90 
2010-10-12 16:00:00,4295.70,1000875.00,1001926.90 
2010-10-12 17:00:00,4295.70,998582.80,1001926.90 
2010-10-12 18:00:00,4295.70,999713.20,1001926.90 
2010-10-13 10:01:00,4295.70,1000027.20,1001926.90 
2010-10-13 11:00:00,4295.70,1010090.90,1000184.20 
2010-10-13 12:00:00,4295.70,1011284.10,1000184.20 
2010-10-13 13:00:00,4295.70,1012383.10,1000184.20 
2010-10-13 14:00:00,4295.70,1013497.80,1000184.20 
2010-10-13 15:00:00,4295.70,1013230.90,1000184.20 
2010-10-13 16:00:00,4295.70,1015915.60,1000184.20 
2010-10-13 17:00:00,4295.70,1014581.10,1000184.20 
2010-10-13 18:00:00,4295.70,1015413.20,1000184.20 
2010-10-14 10:01:00,4295.70,1014691.00,1000184.20 
2010-10-14 11:00:00,4295.70,1016747.70,1014848.00 
2010-10-14 12:00:00,4295.70,1013199.50,1014848.00 
2010-10-14 13:00:00,4295.70,1013968.80,1014848.00 
2010-10-14 14:00:00,4295.70,1013325.10,1014848.00 
2010-10-14 15:00:00,4295.70,1013811.80,1014848.00 
2010-10-14 16:00:00,4295.70,1013717.60,1014848.00 
2010-10-14 17:00:00,4295.70,1009258.80,1014848.00 
2010-10-14 18:00:00,4295.70,1011755.10,1014848.00 
2010-10-15 10:01:00,4295.70,1010200.80,1014848.00 
2010-10-15 11:00:00,4295.70,1010844.50,1010357.80 
2010-10-15 12:00:00,4295.70,1010232.20,1010357.80 
2010-10-15 13:00:00,4295.70,1010938.70,1010357.80 
2010-10-15 14:00:00,4295.70,1010938.70,1010357.80 
2010-10-15 15:00:00,4295.70,1010891.60,1010357.80 
2010-10-15 16:00:00,4295.70,1014000.20,1010357.80 
2010-10-15 17:00:00,4295.70,1013089.60,1010357.80 
2010-10-15 18:00:00,4295.70,1009792.60,1010357.80 
2010-10-18 10:01:00,4295.70,1010169.40,1010357.80 
2010-10-18 11:00:00,4295.70,1009258.80,1010326.40 
2010-10-18 12:00:00,4295.70,1012995.40,1010326.40 
2010-10-18 13:00:00,4295.70,1016104.00,1010326.40 
2010-10-18 14:00:00,4295.70,1015334.70,1010326.40 
2010-10-18 15:00:00,4295.70,1014267.10,1010326.40 
2010-10-18 16:00:00,4295.70,1015366.10,1010326.40 
2010-10-18 17:00:00,4295.70,1015146.30,1010326.40 
2010-10-18 18:00:00,4295.70,1015695.80,1010326.40 
2010-10-19 10:01:00,4295.70,1013937.40,1010326.40 
2010-10-19 11:00:00,4295.70,1017360.00,1014094.40 
2010-10-19 12:00:00,4295.70,1016559.30,1014094.40 
2010-10-19 13:00:00,4295.70,1018788.70,1014094.40 
2010-10-19 14:00:00,4295.70,1020625.60,1014094.40 
2010-10-19 15:00:00,4295.70,1017171.60,1014094.40 
2010-10-19 16:00:00,4295.70,1016119.70,1014094.40 
2010-10-19 17:00:00,4295.70,1013607.70,1014094.40 
2010-10-19 18:00:00,4295.70,1016166.80,1014094.40 
2010-10-20 10:01:00,4295.70,1015711.50,1014094.40 
2010-10-20 11:00:00,4295.70,1014753.80,1015868.50 
2010-10-20 12:00:00,4295.70,1016072.60,1015868.50 
2010-10-20 13:00:00,4295.70,1017203.00,1015868.50 
2010-10-20 14:00:00,4295.70,1018443.30,1015868.50 
2010-10-20 15:00:00,4295.70,1017328.60,1015868.50 
2010-10-20 16:00:00,4295.70,1015052.10,1015868.50 
2010-10-20 17:00:00,4295.70,1013450.70,1015868.50 
2010-10-20 18:00:00,4295.70,1015350.40,1015868.50 
2010-10-21 10:01:00,4295.70,1015601.60,1015868.50 
2010-10-21 11:00:00,4295.70,1018961.40,1015758.60 
2010-10-21 12:00:00,4295.70,1018035.10,1015758.60 
2010-10-21 13:00:00,4295.70,1021159.40,1015758.60 
2010-10-21 14:00:00,4295.70,1021944.40,1015758.60 
2010-10-21 15:00:00,4295.70,1023640.00,1015758.60 
2010-10-21 16:00:00,4295.70,1022556.70,1015758.60 
2010-10-21 17:00:00,4295.70,1021803.10,1015758.60 
2010-10-21 18:00:00,4295.70,1022917.80,1015758.60 
2010-10-22 10:01:00,4295.70,1021740.30,1015758.60 
2010-10-22 11:00:00,4295.70,1020751.20,1021897.30 
2010-10-22 12:00:00,4295.70,1018882.90,1021897.30 
2010-10-22 13:00:00,4295.70,1018663.10,1021897.30 
2010-10-22 14:00:00,4295.70,1020766.90,1021897.30 
2010-10-22 15:00:00,4295.70,1020782.60,1021897.30 
2010-10-22 16:00:00,4295.70,1021002.40,1021897.30 
2010-10-22 17:00:00,4295.70,1018254.90,1021897.30 
2010-10-22 18:00:00,4295.70,1018066.50,1021897.30 
2010-10-25 10:01:00,4295.70,1017501.30,1021897.30 
2010-10-25 11:00:00,4295.70,1019228.30,1017658.30 
2010-10-25 12:00:00,4295.70,1020939.60,1017658.30 
2010-10-25 13:00:00,4295.70,1022117.10,1017658.30 
2010-10-25 14:00:00,4295.70,1023357.40,1017658.30 
2010-10-25 15:00:00,4295.70,1022855.00,1017658.30 
2010-10-25 16:00:00,4295.70,1022305.50,1017658.30 
2010-10-25 17:00:00,4295.70,1024220.90,1017658.30 
2010-10-25 18:00:00,4295.70,1022007.20,1017658.30 
2010-10-26 10:01:00,4295.70,1023043.40,1017658.30 
2010-10-26 11:00:00,4295.70,1014942.20,1023200.40 
2010-10-26 12:00:00,4295.70,1016386.60,1023200.40 
2010-10-26 13:00:00,4295.70,1014926.50,1023200.40 
2010-10-26 14:00:00,4295.70,1015758.60,1023200.40 
2010-10-26 15:00:00,4295.70,1014455.50,1023200.40 
2010-10-26 16:00:00,4295.70,1013811.80,1023200.40 
2010-10-26 17:00:00,4295.70,1013121.00,1023200.40 
2010-10-26 18:00:00,4295.70,1017077.40,1023200.40 
2010-10-27 10:01:00,4295.70,1015899.90,1023200.40 
2010-10-27 11:00:00,4295.70,1015491.70,1016056.90 
2010-10-27 12:00:00,4295.70,1018082.20,1016056.90 
2010-10-27 13:00:00,4295.70,1020343.00,1016056.90 
2010-10-27 14:00:00,4295.70,1021787.40,1016056.90 
2010-10-27 15:00:00,4295.70,1021065.20,1016056.90 
2010-10-27 16:00:00,4295.70,1019181.20,1016056.90 
2010-10-27 17:00:00,4295.70,1021065.20,1016056.90 
2010-10-27 18:00:00,4295.70,1017140.20,1016056.90 
2010-10-28 10:01:00,4295.70,1017469.90,1016056.90 
2010-10-28 11:00:00,4295.70,1021049.50,1017626.90 
2010-10-28 12:00:00,4295.70,1022541.00,1017626.90 
2010-10-28 13:00:00,4295.70,1024095.30,1017626.90 
2010-10-28 14:00:00,4295.70,1022917.80,1017626.90 
2010-10-28 15:00:00,4295.70,1022195.60,1017626.90 
2010-10-28 16:00:00,4295.70,1024534.90,1017626.90 
2010-10-28 17:00:00,4295.70,1022054.30,1017626.90 
2010-10-28 18:00:00,4295.70,1018977.10,1017626.90 
2010-10-29 10:01:00,4295.70,1019558.00,1017626.90 
2010-10-29 11:00:00,4295.70,1019558.00,1019715.00 
2010-10-29 12:00:00,4295.70,1013654.80,1019715.00 
2010-10-29 13:00:00,4295.70,1012791.30,1019715.00 
2010-10-29 14:00:00,4295.70,1014628.20,1019715.00 
2010-10-29 15:00:00,4295.70,1014565.40,1019715.00 
2010-10-29 16:00:00,4295.70,1016983.20,1019715.00 
2010-10-29 17:00:00,4295.70,1015821.40,1019715.00 
2010-10-29 18:00:00,4295.70,1017579.80,1019715.00 
2010-11-01 11:01:00,4295.70,1016355.20,1019715.00 
2010-11-01 12:00:00,4295.70,1021944.40,1016512.20 
2010-11-01 13:00:00,4295.70,1017815.30,1016512.20 
2010-11-01 14:00:00,4295.70,1017564.10,1016512.20 
2010-11-01 15:00:00,4295.70,1017030.30,1016512.20 
2010-11-01 16:00:00,4295.70,1016496.50,1016512.20 
2010-11-01 17:00:00,4295.70,1017674.00,1016512.20 
2010-11-01 18:00:00,4295.70,1020876.80,1016512.20 
2010-11-02 11:01:00,4295.70,1020233.10,1016512.20 
2010-11-02 12:00:00,4295.70,1021473.40,1020390.10 
2010-11-02 13:00:00,4295.70,1024283.70,1020390.10 
2010-11-02 14:00:00,4295.70,1024236.60,1020390.10 
2010-11-02 15:00:00,4295.70,1027737.70,1020390.10 
2010-11-02 16:00:00,4295.70,1026748.60,1020390.10 
2010-11-02 17:00:00,4295.70,1026246.20,1020390.10 
2010-11-02 18:00:00,4295.70,1024597.70,1020390.10 
2010-11-03 11:01:00,4295.70,1027266.70,1020390.10 
2010-11-03 12:00:00,4295.70,1028098.80,1027423.70 
2010-11-03 13:00:00,4295.70,1030705.00,1027423.70 
2010-11-03 14:00:00,4295.70,1030249.70,1027423.70 
2010-11-03 15:00:00,4295.70,1030956.20,1027423.70 
2010-11-03 16:00:00,4295.70,1030218.30,1027423.70 
2010-11-03 17:00:00,4295.70,1027643.50,1027423.70 
2010-11-03 18:00:00,4295.70,1026120.60,1027423.70 
2010-11-04 11:01:00,4295.70,1023341.70,1027423.70 
2010-11-04 12:00:00,4295.70,1032871.60,1023498.70 
2010-11-04 13:00:00,4295.70,1034614.30,1023498.70 
2010-11-04 14:00:00,4295.70,1036231.40,1023498.70 
2010-11-04 15:00:00,4295.70,1036262.80,1023498.70 
2010-11-04 16:00:00,4295.70,1037738.60,1023498.70 
2010-11-04 17:00:00,4295.70,1035776.10,1023498.70 
2010-11-04 18:00:00,4295.70,1037487.40,1023498.70 
2010-11-05 11:01:00,4295.70,1035210.90,1023498.70 
2010-11-05 12:00:00,4295.70,1034190.40,1035367.90 
2010-11-05 13:00:00,4295.70,1033295.50,1035367.90 
2010-11-05 14:00:00,4295.70,1031898.20,1035367.90 
2010-11-05 15:00:00,4295.70,1034394.50,1035367.90 
2010-11-05 16:00:00,4295.70,1036545.40,1035367.90 
2010-11-05 17:00:00,4295.70,1035587.70,1035367.90 
2010-11-05 18:00:00,4295.70,1037126.30,1035367.90 
2010-11-08 11:01:00,4295.70,1034614.30,1035367.90 
2010-11-08 12:00:00,4295.70,1035776.10,1034771.30 
2010-11-08 13:00:00,4295.70,1035289.40,1034771.30 
2010-11-08 14:00:00,4295.70,1035823.20,1034771.30 
2010-11-08 15:00:00,4295.70,1036341.30,1034771.30 
2010-11-08 16:00:00,4295.70,1036262.80,1034771.30 
2010-11-08 17:00:00,4295.70,1035430.70,1034771.30 
2010-11-08 18:00:00,4295.70,1034504.40,1034771.30 
2010-11-09 11:01:00,4295.70,1035556.30,1034771.30 
2010-11-09 12:00:00,4295.70,1035336.50,1035713.30 
2010-11-09 13:00:00,4295.70,1036404.10,1035713.30 
2010-11-09 14:00:00,4295.70,1037722.90,1035713.30 
2010-11-09 15:00:00,4295.70,1038068.30,1035713.30 
2010-11-09 16:00:00,4295.70,1036922.20,1035713.30 
2010-11-09 17:00:00,4295.70,1037456.00,1035713.30 
2010-11-09 18:00:00,4295.70,1035729.00,1035713.30 
2010-11-10 11:01:00,4295.70,1033483.90,1035713.30 
2010-11-10 12:00:00,4295.70,1031521.40,1033640.90 
2010-11-10 13:00:00,4295.70,1032714.60,1033640.90 
2010-11-10 14:00:00,4295.70,1031348.70,1033640.90 
2010-11-10 15:00:00,4295.70,1033107.10,1033640.90 
2010-11-10 16:00:00,4295.70,1032212.20,1033640.90 
2010-11-10 17:00:00,4295.70,1032541.90,1033640.90 
2010-11-10 18:00:00,4295.70,1025979.30,1033640.90 
2010-11-11 11:01:00,4295.70,1026214.80,1033640.90 
2010-11-11 12:00:00,4295.70,1024613.40,1026371.80 
2010-11-11 13:00:00,4295.70,1024252.30,1026371.80 
2010-11-11 14:00:00,4295.70,1026136.30,1026371.80 
2010-11-11 15:00:00,4295.70,1023341.70,1026371.80 
2010-11-11 16:00:00,4295.70,1023812.70,1026371.80 
2010-11-11 17:00:00,4295.70,1022242.70,1026371.80 
2010-11-11 18:00:00,4295.70,1022462.50,1026371.80 
2010-11-12 11:01:00,4295.70,1023106.20,1026371.80 
2010-11-12 12:00:00,4295.70,1013984.50,1023263.20 
2010-11-12 13:00:00,4295.70,1014581.10,1023263.20 
2010-11-12 14:00:00,4295.70,1020876.80,1023263.20 
2010-11-12 15:00:00,4295.70,1020719.80,1023263.20 
2010-11-12 16:00:00,4295.70,1020107.50,1023263.20 
2010-11-12 17:00:00,4295.70,1021850.20,1023263.20 
2010-11-12 18:00:00,4295.70,1024754.70,1023263.20 
2010-11-15 11:01:00,4295.70,1019919.10,1023263.20 
2010-11-15 12:00:00,4295.70,1018443.30,1020076.10 
2010-11-15 13:00:00,4295.70,1020719.80,1020076.10 
2010-11-15 14:00:00,4295.70,1022007.20,1020076.10 
2010-11-15 15:00:00,4295.70,1024126.70,1020076.10 
2010-11-15 16:00:00,4295.70,1028318.60,1020076.10 
2010-11-15 17:00:00,4295.70,1030736.40,1020076.10 
2010-11-15 18:00:00,4295.70,1030406.70,1020076.10 
2010-11-16 11:01:00,4295.70,1030045.60,1020076.10 
2010-11-16 12:00:00,4295.70,1025885.10,1030202.60 
2010-11-16 13:00:00,4295.70,1025555.40,1030202.60 
2010-11-16 14:00:00,4295.70,1025414.10,1030202.60 
2010-11-16 15:00:00,4295.70,1022666.60,1030202.60 
2010-11-16 16:00:00,4295.70,1024487.80,1030202.60 
2010-11-16 17:00:00,4295.70,1023749.90,1030202.60 
2010-11-16 18:00:00,4295.70,1022054.30,1030202.60 
2010-11-17 11:01:00,4295.70,1016653.50,1030202.60 
2010-11-17 12:00:00,4295.70,1020374.40,1016810.50 
2010-11-17 13:00:00,4295.70,1020766.90,1016810.50 
2010-11-17 14:00:00,4295.70,1023263.20,1016810.50 
2010-11-17 15:00:00,4295.70,1020562.80,1016810.50 
2010-11-17 16:00:00,4295.70,1018804.40,1016810.50 
2010-11-17 17:00:00,4295.70,1018145.00,1016810.50 
2010-11-17 18:00:00,4295.70,1018961.40,1016810.50 
2010-11-18 11:01:00,4295.70,1019903.40,1016810.50 
2010-11-18 12:00:00,4295.70,1030249.70,1020060.40 
2010-11-18 13:00:00,4295.70,1031804.00,1020060.40 
2010-11-18 14:00:00,4295.70,1033515.30,1020060.40 
2010-11-18 15:00:00,4295.70,1033436.80,1020060.40 
2010-11-18 16:00:00,4295.70,1033091.40,1020060.40 
2010-11-18 17:00:00,4295.70,1035053.90,1020060.40 
2010-11-18 18:00:00,4295.70,1033829.30,1020060.40 
2010-11-19 11:01:00,4295.70,1037738.60,1020060.40 
2010-11-19 12:00:00,4295.70,1038021.20,1037895.60 
2010-11-19 13:00:00,4295.70,1035242.30,1037895.60 
2010-11-19 14:00:00,4295.70,1033248.40,1037895.60 
2010-11-19 15:00:00,4295.70,1033154.20,1037895.60 
2010-11-19 16:00:00,4295.70,1032369.20,1037895.60 
2010-11-19 17:00:00,4295.70,1032384.90,1037895.60 
2010-11-19 18:00:00,4295.70,1031317.30,1037895.60 
2010-11-22 11:01:00,4295.70,1034787.00,1037895.60 
2010-11-22 12:00:00,4295.70,1036671.00,1034944.00 
2010-11-22 13:00:00,4295.70,1034378.80,1034944.00 
2010-11-22 14:00:00,4295.70,1035729.00,1034944.00 
2010-11-22 15:00:00,4295.70,1031380.10,1034944.00 
2010-11-22 16:00:00,4295.70,1030296.80,1034944.00 
2010-11-22 17:00:00,4295.70,1027737.70,1034944.00 
2010-11-22 18:00:00,4295.70,1028507.00,1034944.00 
2010-11-23 11:01:00,4295.70,1027580.70,1034944.00 
2010-11-23 12:00:00,1015030.30,0.00,0.00 
2010-11-23 13:00:00,1015030.30,0.00,0.00 
2010-11-23 14:00:00,1015030.30,0.00,0.00 
2010-11-23 15:00:00,1015030.30,0.00,0.00 
2010-11-23 16:00:00,1015030.30,0.00,0.00 
2010-11-23 17:00:00,1015030.30,0.00,0.00 
2010-11-23 18:00:00,1015030.30,0.00,0.00 
2010-11-24 11:01:00,1015030.30,0.00,0.00 
2010-11-24 12:00:00,1015030.30,0.00,0.00 
2010-11-24 13:00:00,1015030.30,0.00,0.00 
2010-11-24 14:00:00,1015030.30,0.00,0.00 
2010-11-24 15:00:00,1015030.30,0.00,0.00 
2010-11-24 16:00:00,1015030.30,0.00,0.00 
2010-11-24 17:00:00,1015030.30,0.00,0.00 
2010-11-24 18:00:00,1015030.30,0.00,0.00 
2010-11-25 11:02:00,1015030.30,0.00,0.00 
2010-11-25 12:00:00,1015030.30,0.00,0.00 
2010-11-25 13:00:00,1015030.30,0.00,0.00 
2010-11-25 14:00:00,1015030.30,0.00,0.00 
2010-11-25 15:00:00,1015030.30,0.00,0.00 
2010-11-25 16:00:00,1015030.30,0.00,0.00 
2010-11-25 17:00:00,1015030.30,0.00,0.00 
2010-11-25 18:00:00,1015030.30,0.00,0.00 
2010-11-26 11:01:00,1015030.30,0.00,0.00 
2010-11-26 12:00:00,1015030.30,0.00,0.00 
2010-11-26 13:00:00,1015030.30,0.00,0.00 
2010-11-26 14:00:00,1015030.30,0.00,0.00 
2010-11-26 15:00:00,1015030.30,0.00,0.00 
2010-11-26 16:00:00,1015030.30,0.00,0.00 
2010-11-26 17:00:00,2600.10,1011739.40,1012273.20 
2010-11-26 18:00:00,2600.10,1017940.90,1012273.20 
2010-11-29 11:01:00,2600.10,1017988.00,1012273.20 
2010-11-29 12:00:00,2600.10,1026701.50,1018145.00 
2010-11-29 13:00:00,2600.10,1022211.30,1018145.00 
2010-11-29 14:00:00,2600.10,1017579.80,1018145.00 
2010-11-29 15:00:00,2600.10,1016527.90,1018145.00 
2010-11-29 16:00:00,2600.10,1011723.70,1018145.00 
2010-11-29 17:00:00,2600.10,1010530.50,1018145.00 
2010-11-29 18:00:00,2600.10,1006888.10,1018145.00 
2010-11-30 11:01:00,2600.10,1006809.60,1018145.00 
2010-11-30 12:00:00,1004542.70,0.00,0.00 
2010-11-30 13:00:00,1004542.70,0.00,0.00 
2010-11-30 14:00:00,1004542.70,0.00,0.00 
2010-11-30 15:00:00,1004542.70,0.00,0.00 
2010-11-30 16:00:00,1004542.70,0.00,0.00 
2010-11-30 17:00:00,1004542.70,0.00,0.00 
2010-11-30 18:00:00,1004542.70,0.00,0.00 
2010-12-01 11:01:00,1004542.70,0.00,0.00 
2010-12-01 12:00:00,1004542.70,0.00,0.00 
2010-12-01 13:00:00,1004542.70,0.00,0.00 
2010-12-01 14:00:00,1004542.70,0.00,0.00 
2010-12-01 15:00:00,1004542.70,0.00,0.00 
2010-12-01 16:00:00,1004542.70,0.00,0.00 
2010-12-01 17:00:00,1004542.70,0.00,0.00 
2010-12-01 18:00:00,1004542.70,0.00,0.00 
2010-12-02 11:01:00,1004542.70,0.00,0.00 
2010-12-02 12:00:00,1004542.70,0.00,0.00 
2010-12-02 13:00:00,1004542.70,0.00,0.00 
2010-12-02 14:00:00,1004542.70,0.00,0.00 
2010-12-02 15:00:00,1004542.70,0.00,0.00 
2010-12-02 16:00:00,1004542.70,0.00,0.00 
2010-12-02 17:00:00,1004542.70,0.00,0.00 
2010-12-02 18:00:00,1004542.70,0.00,0.00 
2010-12-03 11:01:00,762.70,1004586.00,1003625.00 
2010-12-03 12:00:00,762.70,1002369.50,1004741.00 
2010-12-03 13:00:00,762.70,1004772.00,1004741.00 
2010-12-03 14:00:00,762.70,1002648.50,1004741.00 
2010-12-03 15:00:00,762.70,1004307.00,1004741.00 
2010-12-03 16:00:00,762.70,1003563.00,1004741.00 
2010-12-03 17:00:00,762.70,995766.50,1004741.00 
2010-12-03 18:00:00,762.70,996743.00,1004741.00 
2010-12-06 11:01:00,762.70,998789.00,1004741.00 
2010-12-06 12:00:00,993878.70,0.00,0.00 
2010-12-06 13:00:00,993878.70,0.00,0.00 
2010-12-06 14:00:00,993878.70,0.00,0.00 
2010-12-06 15:00:00,993878.70,0.00,0.00 
2010-12-06 16:00:00,993878.70,0.00,0.00 
2010-12-06 17:00:00,993878.70,0.00,0.00 
2010-12-06 18:00:00,993878.70,0.00,0.00 
2010-12-07 11:01:00,993878.70,0.00,0.00 
2010-12-07 12:00:00,993878.70,0.00,0.00 
2010-12-07 13:00:00,993878.70,0.00,0.00 
2010-12-07 14:00:00,993878.70,0.00,0.00 
2010-12-07 15:00:00,993878.70,0.00,0.00 
2010-12-07 16:00:00,993878.70,0.00,0.00 
2010-12-07 17:00:00,993878.70,0.00,0.00 
2010-12-07 18:00:00,993878.70,0.00,0.00 
2010-12-08 11:01:00,993878.70,0.00,0.00 
2010-12-08 12:00:00,993878.70,0.00,0.00 
2010-12-08 13:00:00,5850.60,991179.90,987875.10 
2010-12-08 14:00:00,5850.60,990904.50,987875.10 
2010-12-08 15:00:00,5850.60,992021.40,987875.10 
2010-12-08 16:00:00,5850.60,993520.80,987875.10 
2010-12-08 17:00:00,5850.60,995984.10,987875.10 
2010-12-08 18:00:00,5850.60,996091.20,987875.10 
2010-12-09 11:01:00,5850.60,995739.30,987875.10 
2010-12-09 12:00:00,5850.60,999977.40,995892.30 
2010-12-09 13:00:00,5850.60,999686.70,995892.30 
2010-12-09 14:00:00,5850.60,1000941.30,995892.30 
2010-12-09 15:00:00,5850.60,1002150.00,995892.30 
2010-12-09 16:00:00,5850.60,1001935.80,995892.30 
2010-12-09 17:00:00,5850.60,1003205.70,995892.30 
2010-12-09 18:00:00,5850.60,1002027.60,995892.30 
2010-12-10 11:01:00,5850.60,1000145.70,995892.30 
2010-12-10 12:00:00,5850.60,997911.90,1000298.70 
2010-12-10 13:00:00,5850.60,999166.50,1000298.70 
2010-12-10 14:00:00,5850.60,999212.40,1000298.70 
2010-12-10 15:00:00,5850.60,999426.60,1000298.70 
2010-12-10 16:00:00,5850.60,998523.90,1000298.70 
2010-12-10 17:00:00,5850.60,997407.00,1000298.70 
2010-12-10 18:00:00,5850.60,997774.20,1000298.70 
2010-12-13 11:01:00,5850.60,997697.70,1000298.70 
2010-12-13 12:00:00,5850.60,999870.30,997850.70 
2010-12-13 13:00:00,5850.60,1001002.50,997850.70 
2010-12-13 14:00:00,5850.60,1001247.30,997850.70 
2010-12-13 15:00:00,5850.60,1001170.80,997850.70 
2010-12-13 16:00:00,5850.60,1001339.10,997850.70 
2010-12-13 17:00:00,5850.60,1001048.40,997850.70 
2010-12-13 18:00:00,5850.60,998814.60,997850.70 
2010-12-14 11:01:00,5850.60,998156.70,997850.70 
2010-12-14 12:00:00,5850.60,998615.70,998309.70 
2010-12-14 13:00:00,5850.60,998523.90,998309.70 
2010-12-14 14:00:00,5850.60,998585.10,998309.70 
2010-12-14 15:00:00,5850.60,998462.70,998309.70 
2010-12-14 16:00:00,5850.60,998799.30,998309.70 
2010-12-14 17:00:00,5850.60,998600.40,998309.70 
2010-12-14 18:00:00,5850.60,999197.10,998309.70 
2010-12-15 11:01:00,5850.60,1001033.10,998309.70 
2010-12-15 12:00:00,5850.60,1003542.30,1001186.10 
2010-12-15 13:00:00,5850.60,1007122.50,1001186.10 
2010-12-15 14:00:00,5850.60,1007596.80,1001186.10 
2010-12-15 15:00:00,5850.60,1007719.20,1001186.10 
2010-12-15 16:00:00,5850.60,1008973.80,1001186.10 
2010-12-15 17:00:00,5850.60,1009142.10,1001186.10 
2010-12-15 18:00:00,5850.60,1007841.60,1001186.10 
2010-12-16 11:01:00,5850.60,1005072.30,1001186.10 
2010-12-16 12:00:00,5850.60,1004108.40,1005225.30 
2010-12-16 13:00:00,5850.60,1003098.60,1005225.30 
2010-12-16 14:00:00,5850.60,1001920.50,1005225.30 
2010-12-16 15:00:00,5850.60,1002364.20,1005225.30 
2010-12-16 16:00:00,5850.60,1001645.10,1005225.30 
2010-12-16 17:00:00,5850.60,1003022.10,1005225.30 
2010-12-16 18:00:00,5850.60,1001277.90,1005225.30 
2010-12-17 11:01:00,5850.60,1003083.30,1005225.30 
2010-12-17 12:00:00,5850.60,1000008.00,1003236.30 
2010-12-17 13:00:00,5850.60,1000742.40,1003236.30 
2010-12-17 14:00:00,5850.60,998217.90,1003236.30 
2010-12-17 15:00:00,5850.60,1000421.10,1003236.30 
2010-12-17 16:00:00,5850.60,999809.10,1003236.30 
2010-12-17 17:00:00,5850.60,999686.70,1003236.30 
2010-12-17 18:00:00,5850.60,999946.80,1003236.30 
